City_ID,City,Country,Date,Lat,Lng,Max Temp,Humidity,Cloudiness,Wind Speed
0,Rikitea,PF,2021-11-29 23:47:24,-23.1203,-134.9692,76.5,77,0,20.98
1,Clyde River,CA,2021-11-29 23:47:24,70.4692,-68.5914,-0.17,78,90,9.22
2,Naze,JP,2021-11-29 23:47:25,28.3667,129.4833,70.72,73,65,16.46
3,Vaini,TO,2021-11-29 23:47:25,-21.2,-175.2,84.36,70,20,9.22
4,Iqaluit,CA,2021-11-29 23:47:25,63.7506,-68.5145,11.93,79,90,17.27
5,Bethel,US,2021-11-29 23:47:26,41.3712,-73.414,37.49,73,75,1.01
6,Vostok,RU,2021-11-29 23:47:26,46.4856,135.8833,15.01,82,100,1.92
7,Hasaki,JP,2021-11-29 23:47:26,35.7333,140.8333,39.6,62,22,8.66
8,Arraial Do Cabo,BR,2021-11-29 23:47:27,-22.9661,-42.0278,76.96,88,0,12.66
9,Nikolskoye,RU,2021-11-29 23:47:27,59.7035,30.7861,25.39,95,100,10.27
10,New Norfolk,AU,2021-11-29 23:47:27,-42.7826,147.0587,68.92,45,14,1.99
11,Punta Arenas,CL,2021-11-29 23:45:45,-53.15,-70.9167,50.11,50,40,31.07
12,Byron Bay,AU,2021-11-29 23:47:27,-28.65,153.6167,69.91,94,100,7.67
13,San Policarpo,PH,2021-11-29 23:47:28,12.1791,125.5072,82.18,79,100,4.18
14,Ouricuri,BR,2021-11-29 23:47:28,-7.8825,-40.0817,78.89,63,95,3.31
15,Atuona,PF,2021-11-29 23:47:28,-9.8,-139.0333,78.94,76,18,21.94
16,Dikson,RU,2021-11-29 23:47:29,73.5069,80.5464,-13.05,97,100,14.9
17,Floresta,BR,2021-11-29 23:47:29,-8.6011,-38.5686,84.04,51,94,9.69
18,Jasper,US,2021-11-29 23:45:24,37.2001,-94.3502,60.85,44,1,8.05
19,Encruzilhada Do Sul,BR,2021-11-29 23:47:29,-30.5439,-52.5219,65.21,67,44,9.19
20,Bac Lieu,VN,2021-11-29 23:47:30,9.285,105.7244,76.84,92,100,5.14
21,Victoria,HK,2021-11-29 23:47:30,22.2855,114.1577,71.33,70,1,13.0
22,Rio Grande,BR,2021-11-29 23:43:52,-32.035,-52.0986,68.85,73,97,23.69
23,Jamestown,US,2021-11-29 23:44:58,42.097,-79.2353,33.12,86,90,10.36
24,Pangnirtung,CA,2021-11-29 23:47:31,66.1451,-65.7125,19.4,73,90,8.05
25,Marawi,PH,2021-11-29 23:47:31,7.9986,124.2928,68.65,88,79,1.48
26,Avarua,CK,2021-11-29 23:43:04,-21.2078,-159.775,80.65,61,78,14.97
27,Kapaa,US,2021-11-29 23:47:32,22.0752,-159.319,84.18,64,40,4.0
28,Bluff,NZ,2021-11-29 23:47:32,-46.6,168.3333,59.81,73,97,4.27
29,Athens,GR,2021-11-29 23:43:06,37.9795,23.7162,64.17,59,14,8.01
30,Matongo,TZ,2021-11-29 23:47:32,-2.3833,34.0833,64.38,88,89,4.76
31,Koshurnikovo,RU,2021-11-29 23:47:33,54.1667,93.3,7.52,97,100,2.77
32,Kloulklubed,PW,2021-11-29 23:47:33,7.0419,134.2556,84.7,73,100,7.29
33,Longyearbyen,SJ,2021-11-29 23:47:33,78.2186,15.6401,10.24,67,20,13.8
34,Kodiak,US,2021-11-29 23:47:34,57.79,-152.4072,36.91,87,90,19.57
35,Semenivka,UA,2021-11-29 23:47:34,52.1783,32.5818,39.27,88,100,20.65
36,Khatanga,RU,2021-11-29 23:46:01,71.9667,102.5,-31.52,100,97,2.37
37,Kaitangata,NZ,2021-11-29 23:47:35,-46.2817,169.8464,62.92,54,100,8.37
38,Ostrowiec Swietokrzyski,PL,2021-11-29 23:47:35,50.9294,21.3853,36.1,85,97,15.73
39,Albany,US,2021-11-29 23:45:04,42.6001,-73.9662,31.08,67,48,1.99
40,Panjab,AF,2021-11-29 23:47:35,34.388,67.0233,23.58,61,7,1.88
41,Bredasdorp,ZA,2021-11-29 23:47:36,-34.5322,20.0403,59.29,72,43,4.47
42,Broken Hill,AU,2021-11-29 23:43:25,-31.95,141.4333,82.11,34,63,8.05
43,Saint-Philippe,RE,2021-11-29 23:47:36,-21.3585,55.7679,74.75,83,48,7.76
44,Guerrero Negro,MX,2021-11-29 23:47:36,27.9769,-114.0611,72.48,40,0,11.36
45,Merauke,ID,2021-11-29 23:47:37,-8.4667,140.3333,84.49,70,99,4.36
46,Arrah,IN,2021-11-29 23:48:37,25.5667,84.6667,53.49,52,28,4.81
47,Qui Nhon,VN,2021-11-29 23:48:37,13.7667,109.2333,76.1,96,100,17.36
48,Koidu,SL,2021-11-29 23:48:38,8.4167,-10.8333,72.68,93,100,1.25
49,Mataura,NZ,2021-11-29 23:48:38,-46.1927,168.8643,59.49,47,99,5.48
50,Sardarshahr,IN,2021-11-29 23:48:38,28.4333,74.4833,62.44,32,59,5.06
51,Saint-Augustin,CA,2021-11-29 23:48:38,51.226,-58.6502,33.85,75,100,2.68
52,Tasiilaq,GL,2021-11-29 23:48:39,65.6145,-37.6368,23.16,90,100,8.43
53,Qaanaaq,GL,2021-11-29 23:48:39,77.484,-69.3632,12.02,58,100,5.59
54,Fortuna,US,2021-11-29 23:48:39,40.5982,-124.1573,59.41,93,1,1.01
55,Provideniya,RU,2021-11-29 23:48:40,64.3833,-173.3,-1.64,60,0,6.71
56,Lavrentiya,RU,2021-11-29 23:48:40,65.5833,-171.0,-11.42,91,5,8.37
57,Cape Town,ZA,2021-11-29 23:48:40,-33.9258,18.4232,65.08,76,75,8.05
58,Ambilobe,MG,2021-11-29 23:48:41,-13.2,49.05,73.76,84,22,6.08
59,Cascais,PT,2021-11-29 23:48:41,38.6979,-9.4215,56.52,69,84,15.01
60,Busselton,AU,2021-11-29 23:48:41,-33.65,115.3333,60.04,56,61,9.91
61,Georgetown,MY,2021-11-29 23:48:42,5.4112,100.3354,75.15,96,40,1.01
62,Boa Vista,BR,2021-11-29 23:48:42,2.8197,-60.6733,85.98,54,40,5.75
63,Aracruz,BR,2021-11-29 23:48:42,-19.8203,-40.2733,78.01,94,51,1.61
64,Ushuaia,AR,2021-11-29 23:44:17,-54.8,-68.3,46.06,42,40,17.27
65,San Ignacio,BZ,2021-11-29 23:48:43,17.1561,-89.0714,82.54,65,0,4.61
66,Den Helder,NL,2021-11-29 23:48:43,52.9599,4.7593,44.98,75,90,25.01
67,Barahona,DO,2021-11-29 23:48:43,18.2085,-71.1008,78.62,83,20,6.91
68,San Patricio,US,2021-11-29 23:48:44,28.017,-97.5169,69.78,61,65,7.4
69,Port Alfred,ZA,2021-11-29 23:48:44,-33.5906,26.891,68.11,86,81,6.53
70,Olafsvik,IS,2021-11-29 23:48:44,64.8945,-23.7142,31.35,91,100,11.79
71,Padang,ID,2021-11-29 23:48:45,-0.9492,100.3543,75.25,84,72,2.57
72,Nemuro,JP,2021-11-29 23:48:45,43.3236,145.575,45.86,83,62,8.21
73,Saskylakh,RU,2021-11-29 23:48:45,71.9167,114.0833,-26.25,100,94,4.34
74,Qunduz,AF,2021-11-29 23:48:46,36.729,68.857,51.89,55,87,1.5
75,Husavik,IS,2021-11-29 23:48:46,66.0449,-17.3389,22.91,91,100,8.61
76,Katsuura,JP,2021-11-29 23:47:42,35.1333,140.3,51.19,67,57,17.27
77,Rassvet,RU,2021-11-29 23:48:47,46.8333,40.75,55.09,97,100,17.9
78,Antequera,ES,2021-11-29 23:48:47,37.0194,-4.5612,51.94,83,87,4.09
79,Saint George,US,2021-11-29 23:48:47,37.1041,-113.5841,73.35,21,1,1.99
80,Ranghulu,CN,2021-11-29 23:48:48,46.65,124.8667,13.96,94,99,3.83
81,Barrow,US,2021-11-29 23:48:48,71.2906,-156.7887,-18.38,69,40,9.22
82,Cidreira,BR,2021-11-29 23:48:48,-30.1811,-50.2056,73.89,60,37,13.94
83,Romanovskaya,RU,2021-11-29 23:48:49,47.5426,42.0285,49.26,72,100,12.3
84,Viedma,AR,2021-11-29 23:48:49,-40.8135,-62.9967,60.35,53,5,7.67
85,Hobart,AU,2021-11-29 23:46:38,-42.8794,147.3294,69.26,56,20,1.99
86,Bambous Virieux,MU,2021-11-29 23:48:49,-20.3428,57.7575,74.21,83,40,3.44
87,Cap Malheureux,MU,2021-11-29 23:48:50,-19.9842,57.6142,74.46,72,3,4.0
88,Hermanus,ZA,2021-11-29 23:48:50,-34.4187,19.2345,62.91,76,32,7.78
89,Sri Aman,MY,2021-11-29 23:48:50,1.2376,111.4621,71.65,94,82,0.0
90,Chokurdakh,RU,2021-11-29 23:48:51,70.6333,147.9167,-13.52,99,100,3.47
91,Yellowknife,CA,2021-11-29 23:47:07,62.456,-114.3525,-14.58,78,20,1.99
92,Vao,NC,2021-11-29 23:49:51,-22.6667,167.4833,76.55,89,39,13.42
93,Kota,IN,2021-11-29 23:49:51,25.1833,75.8333,64.11,52,100,3.06
94,Trelew,AR,2021-11-29 23:49:52,-43.249,-65.3051,61.14,52,1,12.53
95,Faanui,PF,2021-11-29 23:46:03,-16.4833,-151.75,80.56,78,100,13.53
96,Alcantara,BR,2021-11-29 23:49:52,-2.4089,-44.4147,82.6,87,91,7.74
97,Puerto Ayora,EC,2021-11-29 23:49:52,-0.7393,-90.3518,70.56,91,70,5.99
98,Saldanha,ZA,2021-11-29 23:49:53,-33.0117,17.9442,57.25,86,23,4.03
99,Thompson,CA,2021-11-29 23:45:24,55.7435,-97.8558,24.96,93,90,8.05
100,Wanning,CN,2021-11-29 23:49:53,18.8003,110.3967,68.25,80,48,10.89
101,Lulea,SE,2021-11-29 23:49:53,65.5842,22.1547,19.47,79,75,4.61
102,Akyab,MM,2021-11-29 23:48:59,20.15,92.9,69.98,76,56,5.7
103,Ukiah,US,2021-11-29 23:48:10,39.1502,-123.2078,75.58,54,4,2.68
104,El Tocuyo,VE,2021-11-29 23:49:54,9.7873,-69.7937,71.98,85,99,5.84
105,Abu Samrah,SY,2021-11-29 23:49:54,35.3029,37.1841,61.72,51,99,4.45
106,Adrar,MR,2021-11-29 23:49:54,20.5022,-10.0711,62.13,27,69,10.63
107,Rosetta,EG,2021-11-29 23:49:55,31.4044,30.4164,64.22,47,93,6.51
108,Leningradskiy,RU,2021-11-29 23:49:55,69.3833,178.4167,-21.91,95,70,8.72
109,Bosaso,SO,2021-11-29 23:49:55,11.2842,49.1816,74.79,73,7,4.56
110,Abu Zabad,SD,2021-11-29 23:49:56,12.35,29.25,78.03,33,76,9.98
111,Los Llanos De Aridane,ES,2021-11-29 23:49:56,28.6585,-17.9182,60.12,80,75,10.0
112,Novyy Karachay,RU,2021-11-29 23:49:56,43.8208,41.9032,53.11,66,90,8.7
113,Luderitz,NA,2021-11-29 23:49:57,-26.6481,15.1594,60.17,86,0,12.41
114,Chiang Rai,TH,2021-11-29 23:49:57,19.9167,99.9167,60.78,100,14,1.14
115,Severo-Kurilsk,RU,2021-11-29 23:49:57,50.6789,156.125,32.95,69,92,32.39
116,Quelimane,MZ,2021-11-29 23:48:14,-17.8786,36.8883,69.75,83,0,1.14
117,Mahibadhoo,MV,2021-11-29 23:49:58,3.7833,72.9667,82.29,78,89,16.13
118,Vila Franca Do Campo,PT,2021-11-29 23:49:58,37.7167,-25.4333,61.2,75,69,4.83
119,Shingu,JP,2021-11-29 23:49:59,33.7333,135.9833,58.19,82,92,2.73
120,Bayir,TR,2021-11-29 23:49:59,37.2687,28.2167,59.52,87,100,4.41
121,Lagoa,PT,2021-11-29 23:50:00,39.05,-27.9833,60.44,64,73,7.85
122,Sorland,NO,2021-11-29 23:50:00,67.667,12.6934,32.59,69,100,5.21
123,Kpandu,GH,2021-11-29 23:50:00,6.9954,0.2931,77.52,84,91,8.81
124,Shrewsbury,GB,2021-11-29 23:50:01,52.7101,-2.7521,49.98,91,83,14.99
125,Ponta Do Sol,PT,2021-11-29 23:50:01,32.6667,-17.1,63.72,69,53,4.09
126,Tuatapere,NZ,2021-11-29 23:50:02,-46.1333,167.6833,59.83,65,100,6.51
127,Tuktoyaktuk,CA,2021-11-29 23:50:02,69.4541,-133.0374,-14.8,70,75,19.57
128,Labuhan,ID,2021-11-29 23:50:02,-6.8844,112.2051,79.12,80,99,6.51
129,Sobolevo,RU,2021-11-29 23:50:03,54.4299,31.8996,40.51,99,100,7.45
130,Chuy,UY,2021-11-29 23:50:03,-33.6971,-53.4616,65.25,94,100,15.57
131,Guara,BR,2021-11-29 23:50:04,-20.4283,-47.8242,74.73,77,74,3.22
132,Mandera,KE,2021-11-29 23:50:04,3.9366,41.867,78.85,68,66,11.14
133,Avera,US,2021-11-29 23:47:16,33.194,-82.5271,47.71,44,12,4.0
134,Mayumba,GA,2021-11-29 23:50:04,-3.432,10.6554,76.59,89,100,5.77
135,Victor Harbor,AU,2021-11-29 23:51:05,-35.5667,138.6167,87.46,32,47,8.7
136,Mar Del Plata,AR,2021-11-29 23:47:15,-38.0023,-57.5575,60.82,92,75,11.99
137,Pevek,RU,2021-11-29 23:51:05,69.7008,170.3133,-6.92,100,95,3.78
138,Norman Wells,CA,2021-11-29 23:51:05,65.282,-126.8329,-25.56,68,20,4.61
139,Kavieng,PG,2021-11-29 23:51:06,-2.5744,150.7967,84.9,70,100,17.34
140,Yar-Sale,RU,2021-11-29 23:51:06,66.8333,70.8333,0.52,97,96,9.95
141,Sterling Heights,US,2021-11-29 23:51:06,42.5803,-83.0302,37.74,70,90,1.99
142,Fairbanks,US,2021-11-29 23:48:26,64.8378,-147.7164,-9.08,72,75,0.0
143,Cayenne,GF,2021-11-29 23:48:27,4.9333,-52.3333,80.1,85,75,1.01
144,Bose,IT,2021-11-29 23:51:07,45.4612,8.0137,38.08,43,0,6.53
145,Torbay,CA,2021-11-29 23:51:07,47.6666,-52.7314,44.28,92,40,10.36
146,Hilo,US,2021-11-29 23:49:04,19.7297,-155.09,77.25,69,1,3.44
147,Deputatskiy,RU,2021-11-29 23:51:07,69.3,139.9,-14.42,97,100,4.47
148,Oktyabrskiy,RU,2021-11-29 23:51:07,54.4815,53.471,30.69,78,98,14.52
149,Namalenga,TZ,2021-11-29 23:51:08,-10.95,39.1,69.76,95,15,3.51
150,Itoman,JP,2021-11-29 23:51:08,26.1247,127.6694,74.17,85,75,10.36
151,The Valley,AI,2021-11-29 23:51:08,18.217,-63.0578,82.26,83,40,9.22
152,Castro,BR,2021-11-29 23:51:09,-24.7911,-50.0119,66.9,89,33,6.15
153,Serik,TR,2021-11-29 23:51:09,36.9169,31.0989,69.67,83,98,20.15
154,Morro Bay,US,2021-11-29 23:51:09,35.3658,-120.8499,80.11,51,0,3.0
155,Aklavik,CA,2021-11-29 23:51:09,68.2191,-135.0107,-21.17,68,1,3.44
156,Teknaf,BD,2021-11-29 23:51:10,20.8624,92.3058,67.37,73,87,4.29
157,Ilulissat,GL,2021-11-29 23:51:10,69.2167,-51.1,26.62,89,100,6.4
158,Ola,RU,2021-11-29 23:51:10,59.5833,151.2833,0.14,93,100,8.28
159,Labytnangi,RU,2021-11-29 23:51:10,66.6572,66.4183,-3.08,98,99,2.3
160,North Bend,US,2021-11-29 23:51:11,43.4065,-124.2243,61.95,85,90,6.91
161,Sao Filipe,CV,2021-11-29 23:51:11,14.8961,-24.4956,75.54,68,91,14.0
162,Sitka,US,2021-11-29 23:51:11,57.0531,-135.33,39.09,65,90,23.02
163,Changji,CN,2021-11-29 23:51:11,44.0167,87.3167,12.99,92,3,0.0
164,Constitucion,CL,2021-11-29 23:51:12,-35.3333,-72.4167,55.22,85,3,15.37
165,Brae,GB,2021-11-29 23:51:12,60.3964,-1.353,37.31,57,90,24.54
166,Urumqi,CN,2021-11-29 23:51:12,43.801,87.6005,9.55,92,0,0.0
167,Ginir,ET,2021-11-29 23:51:13,7.1333,40.7,54.5,48,37,5.7
168,Ogembo,KE,2021-11-29 23:51:13,-0.7984,34.7253,59.38,96,99,3.56
169,Vanimo,PG,2021-11-29 23:51:13,-2.6741,141.3028,84.13,74,100,2.68
170,Garango,BF,2021-11-29 23:51:13,11.8,-0.5506,77.41,14,93,8.12
171,Portland,US,2021-11-29 23:50:36,45.5234,-122.6762,60.46,91,90,5.75
172,Ancud,CL,2021-11-29 23:51:14,-41.8697,-73.8203,60.42,78,25,1.81
173,Marang,MY,2021-11-29 23:51:14,5.2056,103.2059,75.11,88,93,4.76
174,Upernavik,GL,2021-11-29 23:51:14,72.7868,-56.1549,21.78,96,100,4.0
175,Balsas,BR,2021-11-29 23:51:15,-7.5325,-46.0356,75.52,87,98,6.02
176,Verkhnyaya Toyma,RU,2021-11-29 23:51:15,62.2349,44.9985,11.82,87,100,10.16
177,Namatanai,PG,2021-11-29 23:51:15,-3.6667,152.4333,85.53,64,100,12.53
178,Nanortalik,GL,2021-11-29 23:51:15,60.1432,-45.2371,33.78,98,100,13.4
179,Gamba,GA,2021-11-29 23:51:16,-2.65,10.0,76.57,91,98,6.8
180,Muros,ES,2021-11-29 23:51:16,42.7762,-9.0603,52.84,95,100,5.79
181,Mikuni,JP,2021-11-29 23:51:16,36.2171,136.1519,40.91,62,35,11.59
182,Port Blair,IN,2021-11-29 23:51:16,11.6667,92.75,75.24,94,40,2.3
183,Mount Gambier,AU,2021-11-29 23:51:54,-37.8333,140.7667,76.91,33,43,13.8
184,Gao,ML,2021-11-29 23:52:17,16.6362,1.637,76.19,15,100,10.38
185,Nikolayevsk-Na-Amure,RU,2021-11-29 23:52:17,53.1406,140.73,9.57,76,88,2.91
186,Novopokrovka,UA,2021-11-29 23:52:17,49.8425,36.5477,50.38,79,91,15.79
187,Kahului,US,2021-11-29 23:49:35,20.8947,-156.47,82.42,68,20,14.97
188,Tual,ID,2021-11-29 23:52:18,-5.6667,132.75,84.13,68,98,3.11
189,Grand Gaube,MU,2021-11-29 23:52:18,-20.0064,57.6608,74.37,72,3,4.0
190,Roebourne,AU,2021-11-29 23:52:18,-20.7833,117.1333,89.11,40,2,12.82
191,Karla,EE,2021-11-29 23:52:19,59.3723,24.9275,25.14,88,90,10.36
192,Manta,EC,2021-11-29 23:52:19,-0.95,-80.7333,76.78,78,75,12.06
193,Clarence Town,AU,2021-11-29 23:52:19,-32.5833,151.7833,73.81,68,100,1.97
194,Ruteng,ID,2021-11-29 23:52:20,-8.6136,120.4721,65.77,79,98,0.2
195,Hamilton,US,2021-11-29 23:51:34,39.1834,-84.5333,42.76,41,75,1.99
196,Parabel,RU,2021-11-29 23:52:20,58.6978,81.4825,18.59,77,100,11.74
197,Vila Velha,BR,2021-11-29 23:52:20,-20.3297,-40.2925,78.75,90,75,3.0
198,Keetmanshoop,NA,2021-11-29 23:52:21,-26.5833,18.1333,63.36,38,0,10.67
199,Basco,PH,2021-11-29 23:52:21,20.4487,121.9702,76.21,84,100,24.38
200,Port Elizabeth,ZA,2021-11-29 23:49:23,-33.918,25.5701,63.1,94,0,10.36
201,Beoumi,CI,2021-11-29 23:52:22,7.6736,-5.5764,80.38,76,31,5.3
202,Miraflores,MX,2021-11-29 23:52:22,19.2167,-98.8083,70.03,65,50,3.67
203,Pavlohrad,UA,2021-11-29 23:52:23,48.5167,35.8667,49.15,79,94,12.37
204,Stokmarknes,NO,2021-11-29 23:47:38,68.5646,14.9108,30.18,64,40,19.57
205,Tulun,RU,2021-11-29 23:52:23,54.5611,100.5792,21.4,94,100,6.26
206,Mahon,ES,2021-11-29 23:52:23,39.8885,4.2658,48.76,87,40,11.5
207,Pemangkat,ID,2021-11-29 23:52:24,1.1667,108.9667,77.97,83,97,6.6
208,Yerbogachen,RU,2021-11-29 23:52:24,61.2767,108.0108,-12.15,99,93,4.23
209,Terrace Bay,CA,2021-11-29 23:52:24,48.7834,-87.1,26.22,82,100,1.99
210,Turayf,SA,2021-11-29 23:52:24,31.6725,38.6637,50.25,76,0,6.91
211,Ambon,ID,2021-11-29 23:52:25,-3.6954,128.1814,80.74,89,40,4.61
212,Isangel,VU,2021-11-29 23:52:25,-19.55,169.2667,86.11,74,75,5.75
213,East London,ZA,2021-11-29 23:52:25,-33.0153,27.9116,66.99,86,53,1.99
214,Bemidji,US,2021-11-29 23:52:25,47.4736,-94.8803,34.09,84,1,6.91
215,Aykhal,RU,2021-11-29 23:52:26,66.0,111.5,-27.42,100,94,2.75
216,Bolivar,US,2021-11-29 23:52:26,37.6145,-93.4105,56.32,59,2,9.98
217,Japura,ID,2021-11-29 23:52:26,-0.3167,102.35,72.97,84,94,1.77
218,Cabo San Lucas,MX,2021-11-29 23:47:30,22.8909,-109.9124,83.52,59,100,3.0
219,Chengde,CN,2021-11-29 23:52:27,40.9725,117.9361,28.17,44,29,12.21
220,Tambun,ID,2021-11-29 23:52:27,-6.2641,107.0712,80.64,78,40,0.0
221,Korla,CN,2021-11-29 23:52:27,41.7597,86.1469,20.7,77,28,5.08
222,Namibe,AO,2021-11-29 23:52:28,-15.1961,12.1522,71.98,66,12,5.32
223,Hope,US,2021-11-29 23:52:28,33.6671,-93.5916,64.45,65,0,5.77
224,Richards Bay,ZA,2021-11-29 23:52:28,-28.783,32.0377,72.28,85,55,7.07
225,Tarauaca,BR,2021-11-29 23:52:28,-8.1614,-70.7656,78.66,78,69,3.06
226,Stolbishche,RU,2021-11-29 23:52:29,55.6468,49.216,34.25,93,90,15.99
227,Krishnarajasagara,IN,2021-11-29 23:52:29,12.4089,76.5797,65.84,96,65,9.98
228,Ulaanbaatar,MN,2021-11-29 23:52:29,47.9077,106.8832,-14.67,76,39,0.0
229,Golfito,CR,2021-11-29 23:53:30,8.639,-83.166,74.57,95,100,2.53
230,Mantua,IT,2021-11-29 23:53:30,45.1667,10.7833,37.74,77,47,7.0
231,Bambanglipuro,ID,2021-11-29 23:53:30,-7.95,110.2833,78.33,77,45,1.72
232,Pemberton,CA,2021-11-29 23:50:17,50.3164,-122.8027,47.89,100,100,5.84
233,Port Hedland,AU,2021-11-29 23:53:30,-20.3167,118.5667,87.85,58,0,10.36
234,Nelson Bay,AU,2021-11-29 23:53:31,-32.7167,152.15,73.96,85,100,1.99
235,Mahebourg,MU,2021-11-29 23:53:31,-20.4081,57.7,74.25,83,40,3.44
236,Ribeira Grande,PT,2021-11-29 23:53:31,38.5167,-28.7,62.04,61,12,6.76
237,Kosovska Mitrovica,XK,2021-11-29 23:53:32,42.8833,20.8667,34.21,89,100,10.33
238,Kannad,IN,2021-11-29 23:53:32,20.2667,75.1333,64.08,52,33,3.98
239,Necochea,AR,2021-11-29 23:53:32,-38.5473,-58.7368,58.03,78,9,11.7
240,Dalvik,IS,2021-11-29 23:53:32,65.9702,-18.5286,22.93,88,100,6.73
241,Payo,ID,2021-11-29 23:53:33,-3.7508,103.6372,75.4,80,75,1.54
242,Edenderry,IE,2021-11-29 23:53:33,53.3453,-7.0497,48.96,94,99,13.82
243,Rocky Mountain House,CA,2021-11-29 23:53:33,52.3668,-114.9188,46.15,56,20,4.61
244,Bonavista,CA,2021-11-29 23:53:33,48.6499,-53.1147,44.11,84,87,15.14
245,Manaus,BR,2021-11-29 23:53:34,-3.1019,-60.025,81.09,78,0,8.05
246,Trinidad,BO,2021-11-29 23:49:21,-14.8333,-64.9,75.18,94,90,0.0
247,Nioro,GM,2021-11-29 23:53:34,13.35,-15.75,78.64,24,94,9.13
248,Chapais,CA,2021-11-29 23:53:34,49.7834,-74.8492,17.38,98,99,2.64
249,Saint-Louis,SN,2021-11-29 23:53:35,16.3333,-15.0,73.04,24,78,10.2
250,Tianjin,CN,2021-11-29 23:53:35,39.1422,117.1767,35.98,38,0,24.61
251,Kashi,CN,2021-11-29 23:53:35,39.4547,75.9797,25.81,54,0,8.95
252,Jamame,SO,2021-11-29 23:53:36,0.0722,42.7506,76.73,85,89,5.57
253,Nabire,ID,2021-11-29 23:53:36,-3.3667,135.4833,82.27,73,100,2.37
254,Asosa,ET,2021-11-29 23:53:36,10.0667,34.5333,66.52,44,72,3.06
255,Rocha,UY,2021-11-29 23:53:36,-34.4833,-54.3333,63.46,94,100,21.79
256,Verkhnevilyuysk,RU,2021-11-29 23:53:37,63.4453,120.3167,-10.66,98,100,2.82
257,Zhezkazgan,KZ,2021-11-29 23:53:37,47.8043,67.7144,21.2,88,100,2.86
258,Lebu,CL,2021-11-29 23:53:37,-37.6167,-73.65,54.23,84,96,17.65
259,Kutum,SD,2021-11-29 23:53:37,14.2,24.6667,68.76,43,55,8.14
260,Beloha,MG,2021-11-29 23:53:38,-25.1667,45.05,66.24,93,2,9.15
261,Careiro Da Varzea,BR,2021-11-29 23:53:38,-3.2003,-59.8119,81.21,85,100,2.26
262,Jardim,BR,2021-11-29 23:53:38,-21.4803,-56.1381,69.94,98,97,2.55
263,At-Bashi,KG,2021-11-29 23:53:39,41.1702,75.8106,11.7,68,2,2.48
264,Churapcha,RU,2021-11-29 23:53:39,62.0025,132.4325,-14.39,100,100,0.78
265,San Quintin,MX,2021-11-29 23:53:39,30.4833,-115.95,66.27,65,0,9.55
266,Berlevag,NO,2021-11-29 23:53:40,70.8578,29.0864,19.9,87,87,28.57
267,Bathsheba,BB,2021-11-29 23:53:40,13.2167,-59.5167,81.21,74,20,14.97
268,Wanxian,CN,2021-11-29 23:53:40,30.8039,108.3897,48.38,84,59,2.86
269,Palmeira,BR,2021-11-29 23:53:40,-25.4294,-50.0064,67.23,77,75,6.76
270,Berasia,IN,2021-11-29 23:53:41,23.6333,77.4333,58.15,50,69,4.47
271,Narrabri,AU,2021-11-29 23:53:41,-30.3167,149.7833,73.53,78,40,8.05
272,Debar,MK,2021-11-29 23:53:41,41.525,20.5275,40.42,100,100,3.71
273,Grindavik,IS,2021-11-29 23:53:41,63.8424,-22.4338,34.27,93,90,16.11
274,Kaohsiung,TW,2021-11-29 23:49:06,22.6163,120.3133,73.35,87,75,5.01
275,Dunda,TZ,2021-11-29 23:53:42,-8.1167,34.25,65.21,86,54,1.01
276,Jalu,LY,2021-11-29 23:54:42,29.0331,21.5482,59.63,54,79,10.42
277,Santiago Del Estero,AR,2021-11-29 23:54:42,-27.7951,-64.2615,75.81,32,0,9.51
278,Maniitsoq,GL,2021-11-29 23:54:43,65.4167,-52.9,34.32,83,100,19.24
279,Naryan-Mar,RU,2021-11-29 23:54:43,67.6713,53.087,0.1,100,88,3.44
280,Liepaja,LV,2021-11-29 23:54:43,56.5419,21.0367,33.78,80,90,11.5
281,Port Macquarie,AU,2021-11-29 23:52:31,-31.4333,152.9167,71.56,75,98,8.52
282,Mitsamiouli,KM,2021-11-29 23:54:44,-11.3847,43.2844,80.26,77,5,6.98
283,Geraldton,AU,2021-11-29 23:54:44,-28.7667,114.6,70.21,60,75,13.8
284,Riyadh,SA,2021-11-29 23:51:58,24.6877,46.7219,59.14,30,0,7.58
285,Cotonou,BJ,2021-11-29 23:50:14,6.3654,2.4183,82.38,78,20,8.05
286,Moron,AR,2021-11-29 23:54:44,-34.6534,-58.6198,73.15,60,9,1.99
287,Eyl,SO,2021-11-29 23:54:44,7.9803,49.8164,74.61,76,41,16.28
288,Talnakh,RU,2021-11-29 23:49:50,69.4865,88.3972,-11.79,94,100,4.74
289,Birjand,IR,2021-11-29 23:54:45,32.8663,59.2211,43.27,56,0,4.61
290,Bhandara,IN,2021-11-29 23:54:45,21.1667,79.65,63.19,51,100,6.22
291,Maumere,ID,2021-11-29 23:54:45,-8.6199,122.2111,82.08,74,100,1.97
292,Susanville,US,2021-11-29 23:54:46,40.4163,-120.653,53.1,35,4,2.62
293,Halifax,CA,2021-11-29 23:53:54,44.6453,-63.5724,46.47,97,100,3.0
294,Menongue,AO,2021-11-29 23:54:46,-14.6585,17.691,62.6,96,100,3.53
295,Alta Floresta,BR,2021-11-29 23:49:55,-9.8756,-56.0861,71.53,98,100,3.38
296,Lorengau,PG,2021-11-29 23:54:46,-2.0226,147.2712,83.44,79,100,10.89
297,Klaksvik,FO,2021-11-29 23:54:47,62.2266,-6.589,34.72,57,100,10.76
298,Dudinka,RU,2021-11-29 23:54:47,69.4058,86.1778,-11.38,93,100,8.48
299,Lompoc,US,2021-11-29 23:51:30,34.6391,-120.4579,81.01,60,1,13.8
300,Hirara,JP,2021-11-29 23:54:47,24.8,125.2833,73.67,88,75,5.75
301,Ostersund,SE,2021-11-29 23:52:28,63.1792,14.6357,12.61,92,100,8.05
302,Praia,CV,2021-11-29 23:54:48,14.9215,-23.5087,73.94,68,40,20.71
303,Dingle,PH,2021-11-29 23:54:48,10.9995,122.6711,80.24,84,58,6.26
304,Alofi,NU,2021-11-29 23:54:48,-19.0595,-169.9187,84.09,54,40,13.8
305,College,US,2021-11-29 23:54:48,64.8569,-147.8028,-11.42,69,75,0.0
306,Sioux Lookout,CA,2021-11-29 23:54:49,50.1001,-91.917,25.18,93,90,5.75
307,Tobol,KZ,2021-11-29 23:54:49,52.6844,62.5794,11.88,87,7,4.52
308,Trairi,BR,2021-11-29 23:52:01,-3.2778,-39.2689,80.46,78,33,10.54
309,Dera Bugti,PK,2021-11-29 23:54:50,29.0307,69.151,59.02,33,2,3.04
310,Erenhot,CN,2021-11-29 23:54:50,43.6475,111.9767,14.95,64,0,10.67
311,Seddon,AU,2021-11-29 23:54:50,-37.8068,144.8916,86.47,38,0,12.66
312,Kirya,TZ,2021-11-29 23:54:50,-3.9167,37.4833,73.58,78,98,6.02
313,Gojra,PK,2021-11-29 23:54:51,31.1487,72.6866,59.54,37,9,4.88
314,Cherskiy,RU,2021-11-29 23:54:51,68.75,161.3,-12.98,97,100,5.44
315,Oktyabrskoye,RU,2021-11-29 23:54:51,43.0645,44.7417,46.54,66,33,13.42
316,Surskoye,RU,2021-11-29 23:54:51,54.4821,46.7214,40.71,92,100,21.81
317,Krasnorechenskiy,RU,2021-11-29 23:54:52,44.6265,135.3532,23.11,73,100,1.45
318,Oranjemund,NA,2021-11-29 23:54:52,-28.55,16.4333,61.75,93,5,7.76
319,Kharagpur,IN,2021-11-29 23:54:52,22.3333,87.3333,62.56,65,11,6.51
320,Chiradzulu,MW,2021-11-29 23:54:53,-15.6746,35.1407,65.35,46,10,1.83
321,Butaritari,KI,2021-11-29 23:54:53,3.0707,172.7902,81.45,80,70,10.13
322,Bowen,AU,2021-11-29 23:54:53,-20.0167,148.2333,84.42,63,23,10.83
323,Samarai,PG,2021-11-29 23:55:53,-10.6167,150.6667,84.7,74,31,8.9
324,Nouakchott,MR,2021-11-29 23:55:54,18.0858,-15.9785,66.13,33,80,15.68
325,Santa Maria Da Boa Vista,BR,2021-11-29 23:55:54,-8.8078,-39.8256,83.95,50,87,4.52
326,Srednekolymsk,RU,2021-11-29 23:55:54,67.45,153.6833,-19.1,98,100,5.79
327,Tautira,PF,2021-11-29 23:55:54,-17.7333,-149.15,82.42,76,98,18.43
328,Beyneu,KZ,2021-11-29 23:55:55,45.3167,55.2,38.03,64,4,13.24
329,Manali,IN,2021-11-29 23:55:55,13.1667,80.2667,81.07,93,100,6.46
330,Playas,EC,2021-11-29 23:55:55,-2.6333,-80.3833,73.0,79,100,11.39
331,Santa Cruz Cabralia,BR,2021-11-29 23:55:00,-16.2781,-39.0247,79.03,89,75,6.91
332,Beira,MZ,2021-11-29 23:55:56,-19.8436,34.8389,70.5,77,1,5.03
333,Yangshan,CN,2021-11-29 23:55:56,28.7615,115.0287,45.54,80,82,4.92
334,Komsomolskiy,UZ,2021-11-29 23:55:56,40.4272,71.7189,33.22,80,66,4.61
335,Nome,US,2021-11-29 23:55:57,64.5011,-165.4064,-13.81,83,50,7.02
336,Souillac,MU,2021-11-29 23:55:57,-20.5167,57.5167,74.35,83,40,3.44
337,Hobyo,SO,2021-11-29 23:55:57,5.3505,48.5268,79.0,68,41,15.95
338,Andenes,NO,2021-11-29 23:55:57,69.3143,16.1194,24.78,74,100,14.97
339,Itapetininga,BR,2021-11-29 23:55:58,-23.5917,-48.0531,69.37,93,78,4.99
340,Warrnambool,AU,2021-11-29 23:53:25,-38.3833,142.4833,71.64,49,0,4.38
341,Banda Aceh,ID,2021-11-29 23:55:02,5.5577,95.3222,74.59,94,100,2.86
342,Kefamenanu,ID,2021-11-29 23:55:58,-9.4467,124.4781,80.42,58,98,1.88
343,Santa Rosa,PH,2021-11-29 23:55:58,14.3122,121.1114,83.08,80,99,4.29
344,Mpika,ZM,2021-11-29 23:55:59,-11.8343,31.4529,63.93,68,27,4.72
345,Waingapu,ID,2021-11-29 23:55:59,-9.6567,120.2641,82.24,75,99,6.55
346,Goderich,CA,2021-11-29 23:51:06,43.7501,-81.7165,36.91,60,99,10.36
347,Coahuayana,MX,2021-11-29 23:55:59,18.7333,-103.6833,78.64,67,11,2.93
348,Huaicheng,CN,2021-11-29 23:55:59,23.9051,112.1931,56.55,67,24,5.46
349,Olean,US,2021-11-29 23:55:59,42.0776,-78.4297,31.66,95,72,5.79
350,Cockburn Town,TC,2021-11-29 23:56:00,21.4612,-71.1419,75.16,83,75,2.3
351,Omsukchan,RU,2021-11-29 23:56:00,62.5333,155.8,-19.01,98,100,3.96
352,Kisangani,CD,2021-11-29 23:56:00,0.5167,25.2,70.18,99,100,0.18
353,Miyako,JP,2021-11-29 23:56:01,39.6367,141.9525,51.84,65,87,4.63
354,Ullapool,GB,2021-11-29 23:56:01,57.8987,-5.1604,45.75,94,100,9.08
355,Airai,TL,2021-11-29 23:56:01,-8.9266,125.4092,67.68,69,98,1.97
356,Palmas,BR,2021-11-29 23:56:01,-10.2128,-48.3603,78.67,83,40,0.0
357,Flinders,AU,2021-11-29 23:56:02,-34.5833,150.8552,73.18,72,97,1.01
358,Quebo,GW,2021-11-29 23:56:02,11.3333,-14.9333,75.51,79,81,3.18
359,Caravelas,BR,2021-11-29 23:56:02,-17.7125,-39.2481,76.39,91,5,12.01
360,Kidal,ML,2021-11-29 23:56:03,18.4411,1.4078,76.87,15,30,9.06
361,Tecolutla,MX,2021-11-29 23:56:03,20.4833,-97.0167,70.92,70,42,11.03
362,Neiafu,TO,2021-11-29 23:56:03,-18.65,-173.9833,83.08,47,20,10.36
363,Mehamn,NO,2021-11-29 23:56:03,71.0357,27.8492,15.12,88,73,12.66
364,Cangzhou,CN,2021-11-29 23:56:04,38.3167,116.8667,35.38,43,45,20.62
365,Biak,ID,2021-11-29 23:56:04,-0.9131,122.8766,78.44,78,100,0.65
366,Dunedin,NZ,2021-11-29 23:54:51,-45.8742,170.5036,63.01,63,81,9.55
367,Turtas,RU,2021-11-29 23:56:04,58.9417,69.1325,25.77,97,97,6.35
368,Ixtapa,MX,2021-11-29 23:56:05,20.7,-105.2,80.22,80,1,5.01
369,Lasa,IT,2021-11-29 23:56:05,46.6166,10.7002,28.62,94,53,7.87
370,Puerto Baquerizo Moreno,EC,2021-11-29 23:57:05,-0.9,-89.6,69.06,85,54,11.7
371,Hithadhoo,MV,2021-11-29 23:57:05,-0.6,73.0833,81.28,79,70,13.49
372,Laguna,US,2021-11-29 23:57:06,38.421,-121.4238,71.44,60,1,1.01
373,Vacha,RU,2021-11-29 23:57:06,55.8008,42.7706,43.99,93,100,17.63
374,Bermeo,ES,2021-11-29 23:53:36,43.4209,-2.7215,52.0,89,100,2.98
375,Bilma,NE,2021-11-29 23:57:06,18.6853,12.9164,71.55,25,49,14.83
376,Zemio,CF,2021-11-29 23:57:07,5.0314,25.1361,70.41,91,100,3.24
377,Raudeberg,NO,2021-11-29 23:57:07,61.9875,5.1352,33.19,93,100,6.87
378,Huarmey,PE,2021-11-29 23:57:07,-10.0681,-78.1522,67.33,82,47,8.72
379,Sola,VU,2021-11-29 23:57:07,-13.8833,167.55,82.02,74,100,10.36
380,Gidole,ET,2021-11-29 23:57:08,5.65,37.3667,57.83,44,53,6.58
381,Mattru,SL,2021-11-29 23:57:08,7.6244,-11.8332,75.31,94,94,1.79
382,Dickinson,US,2021-11-29 23:57:08,29.4608,-95.0513,66.11,79,1,1.99
383,Uppsala,SE,2021-11-29 23:57:09,60.0,17.75,18.43,83,40,6.91
384,Otukpo,NG,2021-11-29 23:57:09,7.1913,8.1329,77.77,67,21,7.31
385,Yulara,AU,2021-11-29 23:57:09,-25.2406,130.9889,80.44,22,0,4.61
386,Rockland,US,2021-11-29 23:57:09,41.1668,-74.0496,36.86,64,35,3.0
387,Kushiro,JP,2021-11-29 23:57:10,42.975,144.3747,40.15,87,40,2.3
388,Gushikawa,JP,2021-11-29 23:57:10,26.3544,127.8686,72.63,83,75,12.66
389,Touros,BR,2021-11-29 23:57:10,-5.1989,-35.4608,81.5,77,30,12.12
390,Kamskiye Polyany,RU,2021-11-29 23:57:10,55.4307,51.4171,34.61,83,100,21.7
391,Soyo,AO,2021-11-29 23:57:11,-6.1349,12.3689,78.82,89,99,8.61
392,Bouna,CI,2021-11-29 23:57:11,9.2667,-3.0,80.44,30,94,3.49
393,Mandeville,JM,2021-11-29 23:57:11,18.0417,-77.5071,73.45,86,95,2.71
394,Tynda,RU,2021-11-29 23:57:12,55.1667,124.7167,-11.04,99,41,2.13
395,Henties Bay,NA,2021-11-29 23:57:12,-22.116,14.2845,59.86,92,0,6.91
396,Lata,PT,2021-11-29 23:57:12,40.1629,-8.3327,49.82,84,96,1.92
397,Mount Isa,AU,2021-11-29 23:57:12,-20.7333,139.5,89.37,19,17,11.5
398,Charters Towers,AU,2021-11-29 23:57:13,-20.1,146.2667,84.58,54,73,11.16
399,Nurota,UZ,2021-11-29 23:57:13,40.5614,65.6886,39.29,42,100,3.51
400,Aguimes,ES,2021-11-29 23:57:13,27.9054,-15.4461,63.23,64,40,24.16
401,Bengkulu,ID,2021-11-29 23:57:13,-3.8004,102.2655,75.18,83,99,8.88
402,Eureka,US,2021-11-29 23:57:14,40.8021,-124.1637,55.18,85,91,1.01
403,Amudat,UG,2021-11-29 23:57:14,1.95,34.95,70.16,68,53,5.75
404,Esso,RU,2021-11-29 23:57:14,55.9333,158.7,15.1,83,100,2.21
405,Turbat,PK,2021-11-29 23:57:14,26.0023,63.044,68.83,36,0,4.16
406,Mandurah,AU,2021-11-29 23:57:15,-32.55,115.7,65.14,59,0,12.64
407,Phan Thiet,VN,2021-11-29 23:57:15,10.9333,108.1,76.48,89,100,5.97
408,Glenwood Springs,US,2021-11-29 23:57:15,39.5505,-107.3248,53.35,51,1,8.05
409,Vestmanna,FO,2021-11-29 23:57:16,62.1564,-7.1664,32.92,69,75,2.3
410,Esperance,AU,2021-11-29 23:57:16,-33.8667,121.9,60.64,62,100,12.03
411,Kalininsk,RU,2021-11-29 23:57:16,51.5,44.4758,44.53,81,100,27.69
412,Hofn,IS,2021-11-29 23:57:16,64.2539,-15.2082,27.48,88,100,11.41
413,Barra Do Bugres,BR,2021-11-29 23:52:22,-15.0725,-57.1811,74.32,93,71,2.55
414,Artyom,AZ,2021-11-29 23:57:17,40.4723,50.333,50.14,87,0,20.54
415,Lafia,NG,2021-11-29 23:57:17,8.4833,8.5167,77.31,28,33,2.3
416,Acapulco,MX,2021-11-29 23:52:37,16.8634,-99.8901,79.21,76,5,6.15
417,Belmonte,BR,2021-11-29 23:57:17,-15.8631,-38.8828,79.3,92,76,10.92
418,Kalmunai,LK,2021-11-29 23:58:18,7.4167,81.8167,76.5,86,34,0.27
419,Aktash,RU,2021-11-29 23:58:18,50.3,87.7333,0.52,81,45,4.25
420,Prince Albert,CA,2021-11-29 23:56:01,53.2001,-105.7677,33.75,69,20,11.5
421,Maringa,BR,2021-11-29 23:58:18,-23.4253,-51.9386,76.87,73,75,8.05
422,Chulym,RU,2021-11-29 23:58:19,55.0997,80.9572,15.76,85,100,9.64
423,Makokou,GA,2021-11-29 23:58:19,0.5738,12.8642,70.36,98,90,3.0
424,Kenai,US,2021-11-29 23:58:19,60.5544,-151.2583,18.14,83,100,21.41
425,Teguise,ES,2021-11-29 23:58:19,29.0605,-13.564,59.22,67,20,13.8
426,Sindor,RU,2021-11-29 23:58:20,62.8629,51.8905,-2.29,98,97,5.28
427,Evensk,RU,2021-11-29 23:58:20,61.95,159.2333,15.57,94,100,4.97
428,Narsaq,GL,2021-11-29 23:58:20,60.9167,-46.05,33.1,99,100,8.84
429,Turukhansk,RU,2021-11-29 23:58:21,65.8167,87.9833,3.07,95,100,15.32
430,Carballo,ES,2021-11-29 23:58:21,43.213,-8.691,50.77,91,100,3.09
431,Abu Dhabi,AE,2021-11-29 23:56:37,24.4667,54.3667,72.97,78,20,1.99
432,Aksu,CN,2021-11-29 23:58:21,41.1231,80.2644,23.52,51,63,0.47
433,Boyolangu,ID,2021-11-29 23:58:21,-8.1181,111.8935,78.48,82,72,2.19
434,Nizhniy Odes,RU,2021-11-29 23:58:22,63.6445,54.856,-6.32,100,92,3.2
435,Lubaczow,PL,2021-11-29 23:58:22,50.157,23.1234,33.51,84,98,18.43
436,Ypsonas,CY,2021-11-29 23:58:22,34.6884,32.9574,67.17,88,0,16.11
437,Asau,RO,2021-11-29 23:58:22,46.4333,26.4,39.96,55,45,2.13
438,Erzin,TR,2021-11-29 23:58:23,36.9559,36.2,54.12,58,100,6.2
439,Bad Iburg,DE,2021-11-29 23:58:23,52.1549,8.0422,38.55,94,100,13.89
440,Leh,IN,2021-11-29 23:58:23,34.1667,77.5833,15.19,57,99,2.46
441,Salinopolis,BR,2021-11-29 23:58:24,-0.6136,-47.3561,79.45,86,82,10.18
442,Pimentel,PE,2021-11-29 23:58:24,-6.8367,-79.9342,68.29,73,0,24.16
443,Urdoma,RU,2021-11-29 23:58:24,61.7533,48.5442,8.37,91,100,9.73
444,Sheltozero,RU,2021-11-29 23:58:24,61.3667,35.3667,22.01,94,100,21.5
445,Gari,RU,2021-11-29 23:58:25,59.4307,62.3497,27.68,97,99,6.87
446,Samana,DO,2021-11-29 23:58:25,19.2056,-69.3369,80.56,86,40,4.94
447,Meridian,US,2021-11-29 23:58:25,43.6121,-116.3915,50.14,75,1,1.01
448,Karasjok,NO,2021-11-29 23:58:25,69.4719,25.5112,15.91,96,100,7.2
449,Margate,GB,2021-11-29 23:58:26,51.3813,1.3862,41.97,82,91,4.0
450,Banff,CA,2021-11-29 23:58:26,51.1762,-115.5698,40.23,75,63,2.3
451,Pokosnoye,RU,2021-11-29 23:58:26,55.5258,101.0536,22.17,96,100,6.24
452,Valparaiso,CL,2021-11-29 23:58:26,-33.0393,-71.6273,66.43,65,0,5.75
453,Mostre,BA,2021-11-29 23:58:27,44.0229,18.1353,31.19,97,100,3.89
454,Vaxjo,SE,2021-11-29 23:58:27,56.8777,14.8091,17.65,93,81,2.3
455,Kalas,IN,2021-11-29 23:58:27,18.1667,74.8,70.74,64,99,6.82
456,Kestel,TR,2021-11-29 23:58:28,40.1983,29.2124,60.19,73,57,7.34
457,Bafoulabe,ML,2021-11-29 23:58:28,13.8065,-10.8321,80.67,20,27,4.7
458,Puro,PH,2021-11-29 23:58:28,12.4841,123.3827,81.23,81,89,5.01
459,Sinnamary,GF,2021-11-29 23:58:28,5.3833,-52.95,78.12,90,98,7.9
460,Coquimbo,CL,2021-11-29 23:58:29,-29.9533,-71.3436,60.53,77,75,10.36
461,Port Keats,AU,2021-11-29 23:58:29,-14.25,129.55,92.66,45,64,6.6
462,Taitung,TW,2021-11-29 23:58:29,22.7583,121.1444,70.07,94,75,0.0
463,Kilindoni,TZ,2021-11-29 23:58:30,-7.9139,39.6668,80.28,79,11,9.46
464,Aquin,HT,2021-11-29 23:58:30,18.2833,-73.4,76.68,82,67,5.95
465,Takaka,NZ,2021-11-29 23:59:30,-40.85,172.8,72.37,73,100,6.08
466,Bria,CF,2021-11-29 23:59:30,6.5423,21.9863,72.63,70,100,4.56
467,Pendleton,US,2021-11-29 23:59:31,45.6721,-118.7886,59.92,61,36,1.99
468,Nuuk,GL,2021-11-29 23:59:31,64.1835,-51.7216,32.65,96,100,23.22
469,Fort Nelson,CA,2021-11-29 23:59:31,58.8053,-122.7002,4.59,85,90,2.3
470,Tigil,RU,2021-11-29 23:59:31,57.8,158.6667,14.79,94,100,4.61
471,Floridia,IT,2021-11-29 23:59:32,37.0869,15.1519,47.59,64,5,30.02
472,Vicksburg,US,2021-11-29 23:59:32,32.3526,-90.8779,53.56,62,1,0.0
473,Presidencia Roque Saenz Pena,AR,2021-11-29 23:59:32,-26.7852,-60.4388,69.22,62,0,2.28
474,Mackay,AU,2021-11-29 23:57:58,-21.15,149.2,83.05,78,90,11.5
475,Tukrah,LY,2021-11-29 23:59:33,32.5341,20.5791,64.36,48,32,24.29
476,Melbourne,US,2021-11-29 23:55:45,28.0836,-80.6081,64.02,73,1,5.01
477,Imeni Poliny Osipenko,RU,2021-11-29 23:59:33,52.4201,136.4853,6.57,95,100,4.25
478,Cabedelo,BR,2021-11-29 23:59:33,-6.9811,-34.8339,81.27,75,47,12.62
479,Bandarbeyla,SO,2021-11-29 23:59:33,9.4942,50.8122,77.13,70,13,17.56
480,Muqui,BR,2021-11-29 23:59:34,-20.956,-41.3531,72.07,95,9,3.11
481,Khromtau,KZ,2021-11-29 23:59:34,50.2503,58.4347,10.87,77,4,5.53
482,Aqtobe,KZ,2021-11-29 23:59:34,50.2797,57.2072,10.49,85,0,6.71
483,Zharkent,KZ,2021-11-29 23:59:35,44.1628,80.0,27.18,53,9,2.3
484,Kununurra,AU,2021-11-29 23:59:35,-15.7667,128.7333,93.18,43,54,10.36
485,Ndende,GA,2021-11-29 23:59:35,-2.4008,11.3581,73.13,98,99,0.43
486,Porto Seguro,BR,2021-11-29 23:57:18,-16.4497,-39.0647,79.32,89,75,6.91
487,Puerto Escondido,MX,2021-11-29 23:59:36,15.85,-97.0667,79.14,75,3,3.11
488,Bayburt,TR,2021-11-29 23:59:36,40.2589,40.2278,43.29,75,100,4.05
489,Pawayan,IN,2021-11-29 23:59:36,28.0667,80.1,57.74,46,89,5.19
490,Les Cayes,HT,2021-11-29 23:59:36,18.2,-73.75,75.96,81,70,5.41
491,Baykit,RU,2021-11-29 23:59:37,61.67,96.37,3.9,97,100,3.6
492,Castanos,MX,2021-11-29 23:59:37,26.7833,-101.4167,64.94,47,69,3.47
493,Alzamay,RU,2021-11-29 23:59:37,55.5562,98.6644,23.85,91,100,4.14
494,Los Alamos,US,2021-11-29 23:59:37,35.8881,-106.307,52.79,36,0,1.83
495,Buin,CL,2021-11-29 23:59:38,-33.7333,-70.75,77.32,34,0,5.03
496,Norwich,GB,2021-11-29 23:59:38,52.6278,1.2983,42.85,94,90,3.0
497,Revelstoke,CA,2021-11-29 23:59:38,50.9832,-118.2023,35.62,100,90,0.0
498,Tazovskiy,RU,2021-11-29 23:59:38,67.4667,78.7,-5.42,97,100,8.95
499,Udaipura,IN,2021-11-29 23:59:39,23.0833,78.5,57.04,54,31,4.85
500,Pangai,TO,2021-11-29 23:59:39,-19.8,-174.35,82.51,47,20,19.57
501,Carnarvon,AU,2021-11-29 23:59:39,-24.8667,113.6333,71.67,73,40,21.85
502,Nanchong,CN,2021-11-29 23:59:40,30.7951,106.0847,46.2,61,14,0.94
503,Tadine,NC,2021-11-29 23:59:40,-21.55,167.8833,82.0,72,10,8.32
504,Kavaratti,IN,2021-11-29 23:59:40,10.5669,72.642,81.59,76,91,13.6
505,Nouadhibou,MR,2021-11-29 23:59:40,20.931,-17.0347,65.95,67,74,21.65
506,Inirida,CO,2021-11-29 23:59:41,3.8653,-67.9239,75.02,96,92,1.21
507,Ilo,PE,2021-11-29 23:59:41,-17.6394,-71.3375,65.34,83,37,5.39
508,Vardo,NO,2021-11-29 23:59:41,70.3705,31.1107,23.27,84,100,28.07
509,Salalah,OM,2021-11-29 23:59:42,17.0151,54.0924,71.8,36,0,13.58
510,Santa Fe,AR,2021-11-29 23:59:42,-31.6333,-60.7,74.75,41,0,5.03
511,Ouadda,CF,2021-11-29 23:59:42,8.0777,22.4007,74.82,37,94,4.27
512,Pisco,PE,2021-11-29 23:54:55,-13.7,-76.2167,68.05,73,0,19.57
513,Kuopio,FI,2021-11-30 00:00:42,62.8924,27.677,13.95,85,40,13.8
514,Mana,GF,2021-11-30 00:00:43,5.6592,-53.7767,77.22,92,86,7.23
515,Sabang,ID,2021-11-30 00:00:43,5.8933,95.3214,76.37,87,100,7.94
516,Havre-Saint-Pierre,CA,2021-11-30 00:00:44,50.2334,-63.5986,28.76,86,90,9.22
517,Sakakah,SA,2021-11-30 00:00:44,29.9697,40.2064,62.13,35,96,3.58
518,Huilong,CN,2021-11-30 00:00:44,31.8111,121.655,51.04,77,100,25.68
519,Bijie,CN,2021-11-30 00:00:44,27.3125,105.2942,34.88,85,39,2.71
520,Berezovyy,RU,2021-11-30 00:00:45,51.6667,135.7,8.69,86,100,2.26
521,Digha,IN,2021-11-30 00:00:45,21.6833,87.55,63.75,65,14,9.15
522,Khandyga,RU,2021-11-30 00:00:45,62.6667,135.6,-19.68,99,99,1.7
523,Finschhafen,PG,2021-11-30 00:00:45,-6.6024,147.8681,84.13,75,99,5.75
524,Morehead,US,2021-11-29 23:57:29,37.2711,-87.1764,43.84,44,1,0.0
525,Pangoa,PE,2021-11-30 00:00:46,-12.1167,-73.0,74.44,76,97,2.33
526,Dalnerechensk,RU,2021-11-30 00:00:47,45.9339,133.7225,16.16,82,100,3.53
527,Porbandar,IN,2021-11-30 00:00:47,21.6422,69.6093,73.69,43,73,11.65
528,Yara,CU,2021-11-30 00:00:47,20.2753,-76.9533,71.74,86,93,5.99
529,Torrington,US,2021-11-30 00:00:47,41.8007,-73.1212,33.17,74,37,5.01
530,Lakes Entrance,AU,2021-11-30 00:00:48,-37.8811,147.981,78.57,59,0,6.73
531,Progreso,MX,2021-11-30 00:00:48,21.2833,-89.6667,79.11,79,97,14.41
532,Melo,UY,2021-11-30 00:00:48,-32.3667,-54.1833,67.03,72,98,20.13
533,Pangkalanbuun,ID,2021-11-30 00:00:48,-2.6833,111.6167,77.38,87,59,2.28
534,Te Anau,NZ,2021-11-30 00:00:49,-45.4167,167.7167,64.99,45,79,3.24
535,Mecca,SA,2021-11-29 23:58:28,21.4267,39.8261,75.49,45,0,2.57
536,Farmington,US,2021-11-29 23:58:42,36.7281,-108.2187,57.11,36,0,3.0
537,Sibolga,ID,2021-11-30 00:00:49,1.7427,98.7792,75.38,87,99,2.13
538,Atar,MR,2021-11-30 00:00:50,20.5169,-13.0499,63.68,28,28,9.75
539,Ahuimanu,US,2021-11-30 00:00:50,21.4447,-157.8378,78.78,75,61,17.45
540,Siverek,TR,2021-11-30 00:00:50,37.755,39.3167,48.81,67,100,2.89
541,Beringovskiy,RU,2021-11-30 00:00:50,63.05,179.3167,6.91,95,100,6.76
542,Codrington,AU,2021-11-30 00:00:51,-38.2667,141.9667,80.13,30,2,8.21
543,Troitskoye,RU,2021-11-30 00:00:51,52.9821,84.6757,12.83,93,95,4.79
544,Yaan,NG,2021-11-30 00:00:51,7.3833,8.5667,76.96,46,23,3.96
545,Techiman,GH,2021-11-30 00:00:52,7.5862,-1.9414,74.53,69,25,4.14
546,Renqiu,CN,2021-11-30 00:00:52,38.6989,116.0936,34.14,41,4,11.43
547,Illapel,CL,2021-11-30 00:00:52,-31.6308,-71.1653,66.45,52,0,4.61
548,Det Udom,TH,2021-11-30 00:00:53,14.906,105.0784,69.44,80,98,11.36
549,High Level,CA,2021-11-30 00:00:53,58.5169,-117.136,5.11,98,74,3.89
550,Sur,OM,2021-11-30 00:00:54,22.5667,59.5289,71.98,74,0,6.42
551,Birobidzhan,RU,2021-11-29 23:59:46,48.8,132.95,1.51,95,97,1.81
552,Bolgar,RU,2021-11-30 00:00:54,54.95,49.0667,36.14,87,100,23.29
553,Tezu,IN,2021-11-30 00:00:54,27.9167,96.1667,60.71,48,82,4.18
554,Nevelsk,RU,2021-11-30 00:00:54,46.6733,141.8633,23.43,73,97,2.73
555,Lichinga,MZ,2021-11-30 00:00:55,-13.3128,35.2406,64.22,74,36,2.91
556,Lipno,PL,2021-11-29 23:59:02,52.8444,19.1785,32.02,92,78,14.45
557,Kindu,CD,2021-11-30 00:00:55,-2.95,25.95,69.64,99,100,2.44
558,Tocopilla,CL,2021-11-30 00:00:55,-22.092,-70.1979,64.54,69,13,3.15
559,Goksun,TR,2021-11-30 00:00:33,38.021,36.4973,38.35,88,100,5.5
560,Rio Gallegos,AR,2021-11-30 00:01:56,-51.6226,-69.2181,52.52,48,89,24.29
561,Coihaique,CL,2021-11-29 23:58:02,-45.5752,-72.0662,57.15,51,20,6.91
562,Mlonggo,ID,2021-11-30 00:01:56,-6.5333,110.7,78.69,76,93,4.14
563,Ponta Delgada,PT,2021-11-30 00:01:56,37.7333,-25.6667,61.5,67,75,4.61
564,Gat,IL,2021-11-30 00:01:57,31.61,34.7642,76.41,26,35,9.95
565,Imeni Babushkina,RU,2021-11-30 00:01:57,59.7573,43.1285,28.51,94,100,11.25
566,Nurobod,UZ,2021-11-30 00:01:57,40.9056,69.8023,34.65,26,100,5.75
567,Flin Flon,CA,2021-11-30 00:01:57,54.7682,-101.865,23.61,78,50,14.09
568,Torquay,GB,2021-11-30 00:01:58,50.4638,-3.5143,48.27,95,40,4.0
569,Sigli,ID,2021-11-30 00:01:58,5.3848,95.9609,75.74,88,100,7.61
570,Atambua,ID,2021-11-30 00:01:58,-9.1061,124.8925,79.79,70,95,1.32
571,Miyazu,JP,2021-11-30 00:01:59,35.5333,135.1833,46.6,82,36,8.63
572,Yurimaguas,PE,2021-11-30 00:01:59,-5.9,-76.0833,74.03,98,100,3.67
573,Lima,PE,2021-11-30 00:01:00,-12.0432,-77.0282,69.91,72,72,7.38
574,Quatre Cocos,MU,2021-11-30 00:01:59,-20.2078,57.7625,74.08,73,4,7.23
575,Black Diamond,US,2021-11-30 00:01:59,47.3087,-122.0032,57.25,86,73,1.01
576,Yichun,CN,2021-11-29 23:57:47,47.7,128.9,5.14,92,81,0.36
577,San Pedro,PH,2021-11-30 00:02:00,14.35,121.0167,82.31,82,100,4.5
578,Livingston,GB,2021-11-29 23:58:14,55.9029,-3.5226,50.13,89,20,11.5
579,Kirovskiy,RU,2021-11-30 00:02:00,45.0917,133.5136,20.61,76,100,3.2
580,Nampula,MZ,2021-11-30 00:00:22,-15.1165,39.2666,70.11,85,2,1.97
581,Mackenzie,CA,2021-11-30 00:02:01,55.2999,-123.1698,28.62,86,90,2.3
