City_ID,City,Lat,Lng,Max Temp,Humidity,Cloudiness,Wind Speed,Current Description,Country,Date
0,Ushuaia,-54.8,-68.3,56.93,41,82,9.42,broken clouds,AR,2021-12-04 20:11:58
1,Povenets,62.8487,34.8262,6.01,82,12,12.26,few clouds,RU,2021-12-04 20:12:32
2,Atuona,-9.8,-139.0333,78.35,74,4,17.49,clear sky,PF,2021-12-04 20:02:42
3,Rikitea,-23.1203,-134.9692,75.81,73,18,12.08,few clouds,PF,2021-12-04 20:08:48
4,Severo-Kurilsk,50.6789,156.125,31.37,75,76,27.6,broken clouds,RU,2021-12-04 20:08:58
5,Kapaa,22.0752,-159.319,70.12,76,40,3.44,light rain,US,2021-12-04 20:11:19
6,Busselton,-33.65,115.3333,56.08,76,0,10.13,clear sky,AU,2021-12-04 20:09:24
7,Ancud,-41.8697,-73.8203,63.93,59,0,5.44,clear sky,CL,2021-12-04 20:08:40
8,Hobyo,5.3505,48.5268,79.16,73,50,16.33,scattered clouds,SO,2021-12-04 20:09:55
9,Saskylakh,71.9167,114.0833,-20.02,98,100,4.92,overcast clouds,RU,2021-12-04 20:09:16
10,Castro,-24.7911,-50.0119,79.61,43,12,5.1,few clouds,BR,2021-12-04 20:12:33
11,Mopti,14.6667,-4.0,83.82,10,100,10.11,overcast clouds,ML,2021-12-04 20:12:33
12,Mataura,-46.1927,168.8643,54.48,97,100,5.35,light rain,NZ,2021-12-04 20:09:14
13,Pangnirtung,66.1451,-65.7125,13.41,83,100,4.07,overcast clouds,CA,2021-12-04 20:11:00
14,Sinnamary,5.3833,-52.95,78.31,89,84,7.74,broken clouds,GF,2021-12-04 20:09:50
15,Ilulissat,69.2167,-51.1,37.42,60,75,31.07,broken clouds,GL,2021-12-04 20:02:42
16,Raga,8.4596,25.678,81.12,27,35,4.29,scattered clouds,SS,2021-12-04 20:12:34
17,George,-33.963,22.4617,61.14,94,100,19.26,overcast clouds,ZA,2021-12-04 20:12:34
18,Hofn,64.2539,-15.2082,31.44,55,0,9.26,clear sky,IS,2021-12-04 20:11:02
19,San Rafael,-34.6177,-68.3301,68.59,60,75,10.36,broken clouds,AR,2021-12-04 20:10:16
20,Murray Bridge,-35.1167,139.2667,58.48,89,78,3.47,broken clouds,AU,2021-12-04 20:12:34
21,Nome,64.5011,-165.4064,1.47,92,75,0.0,mist,US,2021-12-04 20:08:46
22,Punta Arenas,-53.15,-70.9167,53.71,58,75,26.46,broken clouds,CL,2021-12-04 20:12:20
23,Albany,42.6001,-73.9662,42.8,65,100,6.73,overcast clouds,US,2021-12-04 20:12:35
24,Port Hardy,50.6996,-127.4199,39.76,92,89,5.82,light rain,CA,2021-12-04 20:12:35
25,Hermanus,-34.4187,19.2345,67.89,83,100,19.98,light rain,ZA,2021-12-04 20:08:55
26,Tuktoyaktuk,69.4541,-133.0374,-20.69,88,5,7.0,clear sky,CA,2021-12-04 20:05:08
27,Nyurba,63.2842,118.3319,13.12,84,100,8.7,overcast clouds,RU,2021-12-04 20:12:35
28,Hobart,-42.8794,147.3294,45.05,83,0,1.01,clear sky,AU,2021-12-04 20:12:36
29,Istok,42.7808,20.4875,40.15,89,75,1.34,broken clouds,XK,2021-12-04 20:12:36
30,Bengkulu,-3.8004,102.2655,75.72,90,100,9.19,light rain,ID,2021-12-04 20:02:45
31,Teguise,29.0605,-13.564,59.22,72,0,10.36,clear sky,ES,2021-12-04 20:12:36
32,San Jeronimo,-11.9472,-75.2829,60.91,61,100,5.19,light rain,PE,2021-12-04 20:12:37
33,Bethel,41.3712,-73.414,47.75,56,1,1.01,clear sky,US,2021-12-04 20:11:34
34,Coihaique,-45.5752,-72.0662,73.35,38,40,8.05,scattered clouds,CL,2021-12-04 20:08:08
35,Jawa,31.8525,35.9393,53.91,54,100,0.0,overcast clouds,JO,2021-12-04 20:12:37
36,Port Elizabeth,-33.918,25.5701,62.89,88,90,8.05,drizzle,ZA,2021-12-04 20:02:48
37,Ossora,59.2353,163.0719,28.35,97,100,7.67,snow,RU,2021-12-04 20:11:45
38,Sitka,57.0531,-135.33,26.49,86,40,0.0,scattered clouds,US,2021-12-04 20:08:41
39,Urumqi,43.801,87.6005,16.75,86,100,0.0,mist,CN,2021-12-04 20:10:37
40,Hithadhoo,-0.6,73.0833,81.19,79,69,11.83,broken clouds,MV,2021-12-04 20:08:28
41,New Norfolk,-42.7826,147.0587,46.76,70,7,1.01,clear sky,AU,2021-12-04 20:01:55
42,Manutuke,-38.6833,177.9167,67.66,63,100,4.9,overcast clouds,NZ,2021-12-04 20:12:38
43,Hervey Bay,-25.2986,152.8535,75.04,77,59,8.86,broken clouds,AU,2021-12-04 20:11:49
44,Calabozo,8.9242,-67.4293,97.03,27,58,9.08,broken clouds,VE,2021-12-04 20:12:38
45,Tiksi,71.6872,128.8694,-21.1,97,100,3.09,overcast clouds,RU,2021-12-04 20:06:20
46,Bluff,-46.6,168.3333,54.81,90,100,7.31,light rain,NZ,2021-12-04 20:10:18
47,Tasiilaq,65.6145,-37.6368,30.36,92,100,29.17,snow,GL,2021-12-04 20:13:38
48,Padang,-0.9492,100.3543,77.41,90,100,1.01,moderate rain,ID,2021-12-04 20:13:39
49,Aklavik,68.2191,-135.0107,-25.01,87,5,7.31,clear sky,CA,2021-12-04 20:12:50
50,Pancas,-19.225,-40.8514,75.49,84,51,8.84,broken clouds,BR,2021-12-04 20:13:39
51,Sazonovo,59.0919,35.2268,-2.36,99,66,3.44,broken clouds,RU,2021-12-04 20:13:39
52,Leningradskiy,69.3833,178.4167,-16.31,97,97,5.17,overcast clouds,RU,2021-12-04 20:13:39
53,Khatanga,71.9667,102.5,-21.33,98,100,8.16,overcast clouds,RU,2021-12-04 20:06:16
54,Erzin,36.9559,36.2,54.12,49,100,8.01,overcast clouds,TR,2021-12-04 20:13:40
55,Saint-Philippe,-21.3585,55.7679,78.35,83,21,10.69,few clouds,RE,2021-12-04 20:08:55
56,Qaanaaq,77.484,-69.3632,0.75,65,68,7.47,broken clouds,GL,2021-12-04 20:08:58
57,Ostrovnoy,68.0531,39.5131,5.11,94,81,6.64,broken clouds,RU,2021-12-04 20:08:38
58,San Patricio,28.017,-97.5169,86.09,56,41,12.73,scattered clouds,US,2021-12-04 20:13:40
59,Forest,37.3638,-79.2897,68.99,55,62,1.86,broken clouds,US,2021-12-04 20:13:40
60,Cape Town,-33.9258,18.4232,68.11,73,75,5.01,moderate rain,ZA,2021-12-04 20:13:41
61,Mamou,10.5,-12.0,74.44,30,55,3.09,broken clouds,GN,2021-12-04 20:13:41
62,Iqaluit,63.7506,-68.5145,4.73,78,90,27.63,light snow,CA,2021-12-04 20:13:41
63,Bud,39.447,-86.1758,53.58,50,100,7.76,overcast clouds,US,2021-12-04 20:13:41
64,Cabo San Lucas,22.8909,-109.9124,90.7,53,20,1.99,few clouds,MX,2021-12-04 20:09:26
65,Hilo,19.7297,-155.09,69.53,88,90,6.91,moderate rain,US,2021-12-04 20:05:10
66,Havoysund,70.9963,24.6622,16.68,87,97,11.54,overcast clouds,NO,2021-12-04 20:13:42
67,Guerrero Negro,27.9769,-114.0611,68.0,66,100,17.31,overcast clouds,MX,2021-12-04 20:13:42
68,Yarke Pole,45.608,34.3172,42.53,94,100,10.18,overcast clouds,UA,2021-12-04 20:13:42
69,Provideniya,64.3833,-173.3,14.23,87,94,3.09,overcast clouds,RU,2021-12-04 20:06:13
70,Faanui,-16.4833,-151.75,81.21,69,16,16.49,few clouds,PF,2021-12-04 20:06:12
71,Tucuma,-0.1833,-50.05,82.18,77,69,4.0,broken clouds,BR,2021-12-04 20:13:43
72,Chokurdakh,70.6333,147.9167,-40.63,100,61,3.85,broken clouds,RU,2021-12-04 20:03:59
73,Kayerkan,69.3497,87.7602,-31.49,66,98,5.57,overcast clouds,RU,2021-12-04 20:13:43
74,Russell,32.3502,-85.1999,73.0,60,1,5.75,clear sky,US,2021-12-04 20:13:43
75,Lebu,-37.6167,-73.65,59.59,68,0,21.0,clear sky,CL,2021-12-04 20:06:10
76,Lewisporte,49.2499,-55.0482,25.56,50,7,14.45,clear sky,CA,2021-12-04 20:13:44
77,Bredasdorp,-34.5322,20.0403,64.27,86,100,19.46,light rain,ZA,2021-12-04 20:13:44
78,Chuy,-33.6971,-53.4616,70.05,70,100,11.59,overcast clouds,UY,2021-12-04 20:13:44
79,Ayagoz,47.9714,80.4392,24.06,96,94,12.8,overcast clouds,KZ,2021-12-04 20:13:45
80,Luanda,-8.8368,13.2343,77.99,83,65,6.49,light rain,AO,2021-12-04 20:13:45
81,Makat,47.6469,53.3463,33.4,62,78,11.27,broken clouds,KZ,2021-12-04 20:13:45
82,Dingle,10.9995,122.6711,71.46,92,37,8.75,scattered clouds,PH,2021-12-04 20:09:37
83,Ponta Do Sol,32.6667,-17.1,65.03,67,96,9.33,overcast clouds,PT,2021-12-04 20:13:45
84,Bilibino,68.0546,166.4372,-39.87,100,78,4.43,broken clouds,RU,2021-12-04 20:13:46
85,Barrow,71.2906,-156.7887,12.22,85,90,14.97,overcast clouds,US,2021-12-04 20:13:46
86,Nangal,31.3667,76.3833,59.76,68,0,3.62,clear sky,IN,2021-12-04 20:13:46
87,Visnes,59.3556,5.2242,38.21,64,0,18.41,clear sky,NO,2021-12-04 20:13:47
88,Dikson,73.5069,80.5464,-21.96,99,100,7.56,overcast clouds,RU,2021-12-04 20:13:47
89,Souillac,-20.5167,57.5167,78.37,83,40,8.05,scattered clouds,MU,2021-12-04 20:13:47
90,Pitimbu,-7.4706,-34.8086,82.99,75,43,12.1,scattered clouds,BR,2021-12-04 20:13:47
91,Rio Gallegos,-51.6226,-69.2181,69.85,24,75,27.63,broken clouds,AR,2021-12-04 20:14:48
92,Thompson,55.7435,-97.8558,-5.64,77,75,6.91,broken clouds,CA,2021-12-04 20:02:04
93,Sarai,53.7458,41.0213,28.92,79,20,8.3,few clouds,RU,2021-12-04 20:14:48
94,Norman Wells,65.282,-126.8329,-26.97,91,17,2.98,few clouds,CA,2021-12-04 20:10:10
95,Adrar,20.5022,-10.0711,69.04,14,61,11.61,broken clouds,MR,2021-12-04 20:11:05
96,Teguldet,57.3064,88.1667,20.62,93,100,9.37,overcast clouds,RU,2021-12-04 20:14:48
97,Kaitangata,-46.2817,169.8464,61.65,82,100,6.2,light rain,NZ,2021-12-04 20:14:49
98,Makakilo City,21.3469,-158.0858,70.61,69,75,3.44,broken clouds,US,2021-12-04 20:11:38
99,Raudeberg,61.9875,5.1352,35.2,93,100,4.0,snow,NO,2021-12-04 20:09:49
100,Coquimbo,-29.9533,-71.3436,64.13,72,20,17.27,few clouds,CL,2021-12-04 20:14:49
101,Vila Do Maio,15.1333,-23.2167,74.19,74,100,16.6,overcast clouds,CV,2021-12-04 20:14:49
102,Yershov,51.3513,48.2766,34.34,99,100,9.04,moderate rain,RU,2021-12-04 20:14:49
103,Abu Samrah,35.3029,37.1841,55.9,44,100,7.9,overcast clouds,SY,2021-12-04 20:14:50
104,Kodiak,57.79,-152.4072,20.71,79,90,0.0,overcast clouds,US,2021-12-04 20:14:50
105,Saldanha,-33.0117,17.9442,60.85,93,100,11.01,moderate rain,ZA,2021-12-04 20:14:09
106,Maceio,-9.6658,-35.7353,83.64,78,75,11.5,light rain,BR,2021-12-04 20:09:56
107,Ribeira Grande,38.5167,-28.7,63.0,88,75,3.44,broken clouds,PT,2021-12-04 20:13:00
108,Pacifica,37.6138,-122.4869,61.32,79,75,4.0,broken clouds,US,2021-12-04 20:12:27
109,Yagodnoye,62.55,149.6667,-41.96,100,52,3.85,broken clouds,RU,2021-12-04 20:14:51
110,Yellowknife,62.456,-114.3525,-24.59,88,30,7.96,scattered clouds,CA,2021-12-04 20:14:51
111,Beringovskiy,63.05,179.3167,13.75,96,100,6.69,light snow,RU,2021-12-04 20:14:51
112,Tual,-5.6667,132.75,83.12,78,100,12.06,overcast clouds,ID,2021-12-04 20:14:51
113,Salalah,17.0151,54.0924,74.41,44,0,3.42,clear sky,OM,2021-12-04 20:00:39
114,Port Hawkesbury,45.6169,-61.3485,27.99,75,47,5.99,scattered clouds,CA,2021-12-04 20:14:52
115,Steamboat Springs,40.485,-106.8317,55.11,41,1,0.0,clear sky,US,2021-12-04 20:10:34
116,Newry,54.1784,-6.3374,42.75,78,20,16.37,light rain,GB,2021-12-04 20:14:52
117,Torbay,47.6666,-52.7314,30.76,51,88,11.99,overcast clouds,CA,2021-12-04 20:12:47
118,Atar,20.5169,-13.0499,76.37,15,2,8.25,clear sky,MR,2021-12-04 20:14:52
119,Vardo,70.3705,31.1107,21.45,74,9,19.98,clear sky,NO,2021-12-04 20:11:04
120,Farafangana,-22.8167,47.8333,76.89,88,17,11.61,few clouds,MG,2021-12-04 20:14:53
121,Okhotsk,59.3833,143.3,-23.21,90,51,12.46,broken clouds,RU,2021-12-04 20:14:53
122,Vao,-22.6667,167.4833,76.42,84,66,16.91,broken clouds,NC,2021-12-04 20:06:13
123,Potosi,-19.5836,-65.7531,54.07,60,99,9.57,overcast clouds,BO,2021-12-04 20:14:53
124,Ambo,-10.1308,-76.2047,72.43,61,100,7.87,light rain,PE,2021-12-04 20:14:54
125,Yar-Sale,66.8333,70.8333,-22.09,98,23,5.14,few clouds,RU,2021-12-04 20:09:50
126,Carnduff,49.1667,-101.8009,30.38,57,100,5.66,overcast clouds,CA,2021-12-04 20:14:54
127,Geraldton,-28.7667,114.6,63.01,77,0,8.05,clear sky,AU,2021-12-04 20:14:54
128,Jamestown,42.097,-79.2353,43.3,57,40,14.0,scattered clouds,US,2021-12-04 20:10:11
129,Port Alfred,-33.5906,26.891,67.95,95,100,21.79,light rain,ZA,2021-12-04 20:14:54
130,Bambous Virieux,-20.3428,57.7575,78.22,83,40,8.05,light rain,MU,2021-12-04 20:14:55
131,Ilanskiy,56.2358,96.065,21.07,85,95,16.64,overcast clouds,RU,2021-12-04 20:14:55
132,Mar Del Plata,-38.0023,-57.5575,57.87,77,12,13.0,few clouds,AR,2021-12-04 20:10:27
133,Grand Gaube,-20.0064,57.6608,78.39,71,45,5.01,scattered clouds,MU,2021-12-04 20:08:40
134,Shelburne,44.0787,-80.2041,34.29,70,62,17.29,broken clouds,CA,2021-12-04 20:14:55
135,Turayf,31.6725,38.6637,55.24,44,100,13.85,overcast clouds,SA,2021-12-04 20:09:53
136,Ust-Nera,64.5667,143.2,-42.0,99,78,4.03,broken clouds,RU,2021-12-04 20:14:56
137,Hasaki,35.7333,140.8333,37.8,58,2,19.98,clear sky,JP,2021-12-04 20:05:02
138,Ciamis,-7.3257,108.3534,73.81,95,100,0.85,overcast clouds,ID,2021-12-04 20:14:56
139,Avarua,-21.2078,-159.775,78.85,83,40,4.61,scattered clouds,CK,2021-12-04 20:15:56
140,Hambantota,6.1241,81.1185,77.88,85,89,3.74,overcast clouds,LK,2021-12-04 20:06:13
141,Yei,4.095,30.6779,73.22,69,57,0.74,broken clouds,SS,2021-12-04 20:15:57
142,Revelganj,25.7833,84.6667,60.71,51,63,6.06,broken clouds,IN,2021-12-04 20:15:57
143,Sambava,-14.2667,50.1667,77.94,81,86,9.17,overcast clouds,MG,2021-12-04 20:15:58
144,Giyon,8.5333,37.9833,56.07,58,0,10.6,clear sky,ET,2021-12-04 20:15:58
145,Husavik,66.0449,-17.3389,12.11,80,29,12.71,scattered clouds,IS,2021-12-04 20:15:58
146,Madimba,-10.4,40.3333,78.96,82,74,8.79,broken clouds,TZ,2021-12-04 20:15:59
147,Upernavik,72.7868,-56.1549,16.75,76,100,7.7,overcast clouds,GL,2021-12-04 20:11:29
148,Samarai,-10.6167,150.6667,81.03,78,100,5.88,overcast clouds,PG,2021-12-04 20:16:00
149,Mushie,-3.0167,16.9,74.14,90,100,0.76,overcast clouds,CD,2021-12-04 20:11:28
150,Acari,-15.4311,-74.6158,79.2,57,42,10.85,scattered clouds,PE,2021-12-04 20:16:00
151,Basco,20.4487,121.9702,73.11,67,100,25.79,overcast clouds,PH,2021-12-04 20:16:00
152,Teknaf,20.8624,92.3058,74.8,67,100,3.06,overcast clouds,BD,2021-12-04 20:16:01
153,Ust-Kuyga,70.0167,135.6,-39.21,95,98,7.85,overcast clouds,RU,2021-12-04 20:16:01
154,Katsuura,35.1333,140.3,47.19,58,4,13.47,clear sky,JP,2021-12-04 20:16:02
155,Georgetown,5.4112,100.3354,79.9,81,20,1.99,few clouds,MY,2021-12-04 20:15:24
156,Svetlogorsk,52.6333,29.7333,29.16,84,100,9.51,overcast clouds,BY,2021-12-04 20:16:02
157,Puerto Ayora,-0.7393,-90.3518,75.16,82,59,9.26,broken clouds,EC,2021-12-04 20:16:02
158,Taoudenni,22.6783,-3.9836,63.1,22,0,11.36,clear sky,ML,2021-12-04 20:09:51
159,Labuhan,-6.8844,112.2051,77.43,84,100,12.12,moderate rain,ID,2021-12-04 20:15:01
160,Clyde River,70.4692,-68.5914,10.29,86,100,13.2,overcast clouds,CA,2021-12-04 20:06:14
161,San Carlos,9.6612,-68.5827,89.33,49,88,3.4,overcast clouds,VE,2021-12-04 20:16:03
162,Kabalo,-6.05,26.9167,73.09,80,1,3.04,clear sky,CD,2021-12-04 20:16:03
163,Erdenet,49.0333,104.0833,20.43,48,50,4.99,scattered clouds,MN,2021-12-04 20:16:03
164,Sao Filipe,14.8961,-24.4956,76.03,71,100,7.27,overcast clouds,CV,2021-12-04 20:11:48
165,Nabire,-3.3667,135.4833,75.72,93,100,4.0,overcast clouds,ID,2021-12-04 20:16:04
166,Pulaski,34.7668,-92.3001,66.24,79,90,5.99,overcast clouds,US,2021-12-04 20:13:28
167,Scarborough,54.2797,-0.4044,38.77,88,99,1.01,overcast clouds,GB,2021-12-04 20:15:36
168,Half Moon Bay,37.4636,-122.4286,61.75,77,20,4.0,few clouds,US,2021-12-04 20:14:02
169,Port Hedland,-20.3167,118.5667,80.65,61,43,10.36,scattered clouds,AU,2021-12-04 20:15:16
170,Victoria,22.2855,114.1577,66.25,68,98,1.99,overcast clouds,HK,2021-12-04 20:13:59
171,Karwar,14.8,74.1333,75.04,88,40,4.92,scattered clouds,IN,2021-12-04 20:16:05
172,Cockburn Town,21.4612,-71.1419,79.61,76,52,20.74,broken clouds,TC,2021-12-04 20:16:05
173,Rio Grande,-32.035,-52.0986,75.31,78,91,15.3,overcast clouds,BR,2021-12-04 20:16:05
174,Baracoa,20.3467,-74.4958,79.36,80,90,8.75,overcast clouds,CU,2021-12-04 20:16:05
175,Olafsvik,64.8945,-23.7142,35.53,74,83,7.47,broken clouds,IS,2021-12-04 20:08:45
176,Marawi,7.9986,124.2928,66.65,98,88,4.32,overcast clouds,PH,2021-12-04 20:16:06
177,Khandyga,62.6667,135.6,-18.94,81,100,2.37,overcast clouds,RU,2021-12-04 20:16:06
178,Airai,-8.9266,125.4092,61.16,95,100,1.36,overcast clouds,TL,2021-12-04 20:07:35
179,Hillsborough,37.5741,-122.3794,61.47,78,75,4.61,broken clouds,US,2021-12-04 20:16:06
180,Saint-Pierre,-21.3393,55.4781,78.44,82,0,3.44,clear sky,RE,2021-12-04 20:06:22
181,Yumen,40.2833,97.2,28.72,31,3,6.98,clear sky,CN,2021-12-04 20:11:06
182,Longyearbyen,78.2186,15.6401,19.24,73,75,23.02,broken clouds,SJ,2021-12-04 20:16:07
183,Newport,51.5877,-2.9984,44.82,84,90,21.9,overcast clouds,GB,2021-12-04 20:14:44
184,Maarianhamina,60.0973,19.9348,21.06,79,90,6.91,overcast clouds,AX,2021-12-04 20:14:01
185,Vaini,-21.2,-175.2,82.56,78,40,10.36,light rain,TO,2021-12-04 20:17:07
186,Mittagong,-34.45,150.45,54.0,96,100,4.41,overcast clouds,AU,2021-12-04 20:17:07
187,Touros,-5.1989,-35.4608,85.1,74,80,14.03,broken clouds,BR,2021-12-04 20:15:13
188,Ahipara,-35.1667,173.1667,68.11,87,78,10.38,broken clouds,NZ,2021-12-04 20:17:08
189,Mumford,5.2618,-0.759,81.36,83,98,8.16,overcast clouds,GH,2021-12-04 20:17:08
190,Saint George,37.1041,-113.5841,70.27,30,1,3.0,clear sky,US,2021-12-04 20:14:07
191,Faya,18.3851,42.4509,52.32,32,0,1.23,clear sky,SA,2021-12-04 20:09:55
192,San Francisco,37.7749,-122.4194,61.57,76,75,1.01,broken clouds,US,2021-12-04 20:14:12
193,Peniche,39.3558,-9.3811,54.88,84,0,13.29,clear sky,PT,2021-12-04 20:17:09
194,Houma,29.5958,-90.7195,81.0,58,40,4.61,scattered clouds,US,2021-12-04 20:15:40
195,Forecariah,9.4306,-13.0881,79.88,81,53,4.21,broken clouds,GN,2021-12-04 20:17:09
196,Port Blair,11.6667,92.75,79.12,79,50,9.51,scattered clouds,IN,2021-12-04 20:17:09
197,Chulym,55.0997,80.9572,25.45,95,100,10.38,overcast clouds,RU,2021-12-04 20:17:10
198,Megion,61.0296,76.1136,10.42,97,100,1.7,overcast clouds,RU,2021-12-04 20:17:10
199,Zhigansk,66.7697,123.3711,-15.56,98,100,15.3,light snow,RU,2021-12-04 20:11:04
200,San Vicente,-26.6167,-54.1333,91.33,24,87,4.34,overcast clouds,AR,2021-12-04 20:17:10
201,Kununurra,-15.7667,128.7333,82.38,83,100,8.05,overcast clouds,AU,2021-12-04 20:17:10
202,Ratnagiri,16.9833,73.3,75.16,84,26,4.16,scattered clouds,IN,2021-12-04 20:17:11
203,Vestmannaeyjar,63.4427,-20.2734,32.83,67,8,10.51,clear sky,IS,2021-12-04 20:13:01
204,Nouadhibou,20.931,-17.0347,66.18,68,12,12.66,few clouds,MR,2021-12-04 20:17:11
205,Solnechnyy,50.7214,136.6319,-4.27,88,51,7.14,light snow,RU,2021-12-04 20:17:11
206,Brae,60.3964,-1.353,37.31,64,85,25.55,overcast clouds,GB,2021-12-04 20:08:39
207,Plessisville,46.2186,-71.762,17.49,37,67,5.08,broken clouds,CA,2021-12-04 20:17:12
208,Chimoio,-19.1164,33.4833,76.86,53,20,4.54,few clouds,MZ,2021-12-04 20:17:12
209,Nanortalik,60.1432,-45.2371,36.82,87,100,35.5,light rain,GL,2021-12-04 20:17:12
210,Romilly-Sur-Seine,48.5108,3.7263,41.38,82,40,11.97,scattered clouds,FR,2021-12-04 20:17:13
211,Saint Marys,30.7305,-81.5465,76.05,68,1,1.99,clear sky,US,2021-12-04 20:14:28
212,Avera,33.194,-82.5271,73.71,44,100,7.25,overcast clouds,US,2021-12-04 20:17:13
213,Nikolskoye,59.7035,30.7861,15.03,94,100,5.77,overcast clouds,RU,2021-12-04 20:17:13
214,Akyab,20.15,92.9,77.0,72,100,4.21,overcast clouds,MM,2021-12-04 20:17:13
215,Tocopilla,-22.092,-70.1979,70.9,63,24,10.11,few clouds,CL,2021-12-04 20:14:12
216,Harper,4.375,-7.7169,80.06,81,5,9.4,clear sky,LR,2021-12-04 20:17:14
217,Shingu,33.7333,135.9833,39.67,80,3,7.02,clear sky,JP,2021-12-04 20:17:14
218,Mehamn,71.0357,27.8492,17.85,81,8,19.73,clear sky,NO,2021-12-04 20:17:14
219,Mahebourg,-20.4081,57.7,78.26,83,40,8.05,light rain,MU,2021-12-04 20:16:40
220,Nenjiang,49.1833,125.2167,10.11,95,76,11.27,broken clouds,CN,2021-12-04 20:17:15
221,Usoke,-5.1667,32.35,74.17,46,79,1.72,broken clouds,TZ,2021-12-04 20:17:15
222,Sorland,67.667,12.6934,26.67,62,13,18.21,few clouds,NO,2021-12-04 20:09:23
223,Luderitz,-26.6481,15.1594,61.2,90,2,5.66,clear sky,NA,2021-12-04 20:17:15
224,San Andres,12.5847,-81.7006,86.02,70,75,13.8,broken clouds,CO,2021-12-04 20:16:26
225,Kiunga,-6.1219,141.2906,72.79,100,100,2.15,overcast clouds,PG,2021-12-04 20:17:15
226,Rawson,-43.3002,-65.1023,81.97,22,1,20.31,clear sky,AR,2021-12-04 20:17:16
227,Elko,41.0002,-115.5012,55.06,45,5,7.0,clear sky,US,2021-12-04 20:17:16
228,Tsaratanana,-16.7833,47.65,77.59,53,6,5.59,clear sky,MG,2021-12-04 20:17:16
229,Conceicao Do Araguaia,-8.2578,-49.2647,79.95,87,100,4.12,heavy intensity rain,BR,2021-12-04 20:17:17
230,Vila Franca Do Campo,37.7167,-25.4333,64.2,84,100,0.92,overcast clouds,PT,2021-12-04 20:18:17
231,Phek,25.6667,94.5,50.09,85,100,1.1,overcast clouds,IN,2021-12-04 20:18:17
232,Acapulco,16.8634,-99.8901,85.82,70,1,6.91,clear sky,MX,2021-12-04 20:18:18
233,Ransang,8.9603,117.5828,78.03,85,100,2.59,overcast clouds,PH,2021-12-04 20:18:18
234,Kamenskiy,50.8855,45.488,32.18,97,100,5.86,snow,RU,2021-12-04 20:18:18
235,Mutoko,-17.397,32.2268,76.68,32,43,5.26,scattered clouds,ZW,2021-12-04 20:18:18
236,Arraial Do Cabo,-22.9661,-42.0278,76.96,65,40,10.36,scattered clouds,BR,2021-12-04 20:18:19
237,Juxtlahuaca,17.4294,-99.1467,86.38,31,5,0.83,clear sky,MX,2021-12-04 20:18:19
238,Tabou,4.423,-7.3528,80.47,79,6,9.26,clear sky,CI,2021-12-04 20:18:02
239,Sisimiut,66.9395,-53.6735,35.96,86,100,11.43,overcast clouds,GL,2021-12-04 20:18:19
240,Cabedelo,-6.9811,-34.8339,83.07,75,18,13.2,few clouds,BR,2021-12-04 20:09:54
241,Westport,41.1415,-73.3579,49.14,59,20,3.0,few clouds,US,2021-12-04 20:18:20
242,El Reten,10.6114,-74.2682,87.71,47,86,8.66,overcast clouds,CO,2021-12-04 20:18:20
243,Luba,3.4568,8.5547,81.72,83,97,7.94,overcast clouds,GQ,2021-12-04 20:18:20
244,Minggang,32.4586,114.0486,46.08,32,100,1.14,overcast clouds,CN,2021-12-04 20:13:40
245,East London,-33.0153,27.9116,68.34,93,100,18.28,light rain,ZA,2021-12-04 20:18:21
246,Urgut,39.4022,67.2431,37.02,74,98,1.03,overcast clouds,UZ,2021-12-04 20:18:21
247,Riberalta,-10.9833,-66.1,84.4,74,75,9.22,broken clouds,BO,2021-12-04 20:18:21
248,Kutum,14.2,24.6667,71.11,23,0,7.83,clear sky,SD,2021-12-04 20:18:21
249,Port Shepstone,-30.7414,30.455,70.18,87,100,2.1,light rain,ZA,2021-12-04 20:18:22
250,Umm Kaddadah,13.6017,26.6876,76.37,22,0,11.74,clear sky,SD,2021-12-04 20:18:22
251,Sag,45.6486,21.1756,39.15,88,74,6.42,broken clouds,RO,2021-12-04 20:18:22
252,Butaritari,3.0707,172.7902,83.16,76,13,17.78,few clouds,KI,2021-12-04 20:15:16
253,Progreso,21.2833,-89.6667,86.11,61,52,13.22,broken clouds,MX,2021-12-04 20:16:38
254,Gorontalo,0.5412,123.0595,76.32,95,100,2.26,overcast clouds,ID,2021-12-04 20:18:23
255,Winnemucca,40.973,-117.7357,53.65,37,1,0.0,clear sky,US,2021-12-04 20:14:01
256,Galesong,-5.3166,119.3661,75.22,80,100,5.46,overcast clouds,ID,2021-12-04 20:18:23
257,Butembo,0.15,29.2833,58.44,97,100,3.11,light rain,CD,2021-12-04 20:18:23
258,Madang,-5.2246,145.7966,75.72,92,100,6.51,light rain,PG,2021-12-04 20:18:23
259,Bosaso,11.2842,49.1816,74.64,64,3,4.23,clear sky,SO,2021-12-04 20:18:24
260,Cidreira,-30.1811,-50.2056,71.38,77,100,18.28,overcast clouds,BR,2021-12-04 20:08:57
261,Inhambane,-23.865,35.3833,77.7,90,0,13.13,clear sky,MZ,2021-12-04 20:18:24
262,Yemtsa,63.0734,40.3329,0.73,89,89,10.11,overcast clouds,RU,2021-12-04 20:18:25
263,Alice Springs,-23.7,133.8833,72.95,31,47,9.22,scattered clouds,AU,2021-12-04 20:18:25
264,Lac Du Bonnet,50.2536,-96.0612,14.34,76,16,4.9,few clouds,CA,2021-12-04 20:18:25
265,Kangaatsiaq,68.3065,-53.4641,38.77,69,100,29.17,overcast clouds,GL,2021-12-04 20:18:25
266,Santa Maria Del Oro,25.9333,-105.3667,73.24,19,82,3.65,broken clouds,MX,2021-12-04 20:18:26
267,Trujillo,-8.116,-79.03,66.16,82,98,8.05,overcast clouds,PE,2021-12-04 20:18:26
268,Fortuna,40.5982,-124.1573,51.66,97,90,0.0,overcast clouds,US,2021-12-04 20:18:26
269,Linhares,-19.3911,-40.0722,76.5,74,17,8.08,few clouds,BR,2021-12-04 20:18:27
270,Mayo,38.8876,-76.5119,61.41,53,6,1.01,clear sky,US,2021-12-04 20:18:27
271,Belaya Gora,68.5333,146.4167,-42.27,100,69,0.51,broken clouds,RU,2021-12-04 20:18:27
272,Antofagasta,-23.65,-70.4,72.21,56,15,10.16,few clouds,CL,2021-12-04 20:16:03
273,Tezu,27.9167,96.1667,64.35,55,82,3.6,broken clouds,IN,2021-12-04 20:17:20
274,Alekseyevsk,57.8406,108.3492,24.33,86,100,13.22,overcast clouds,RU,2021-12-04 20:18:28
275,Carnarvon,-24.8667,113.6333,71.67,83,0,5.75,clear sky,AU,2021-12-04 20:18:28
276,Maksi,23.2667,76.15,65.59,54,33,5.32,scattered clouds,IN,2021-12-04 20:18:28
277,Komsomolskiy,40.4272,71.7189,38.62,75,100,4.61,mist,UZ,2021-12-04 20:18:18
278,Henties Bay,-22.116,14.2845,62.85,87,0,8.93,clear sky,NA,2021-12-04 20:19:28
279,Constitucion,-35.3333,-72.4167,68.09,55,5,16.13,clear sky,CL,2021-12-04 20:15:15
280,Camiri,-20.05,-63.5167,72.7,93,100,3.18,overcast clouds,BO,2021-12-04 20:19:29
281,Kolosovka,56.4678,73.611,27.91,94,100,14.43,overcast clouds,RU,2021-12-04 20:19:29
282,Soyo,-6.1349,12.3689,78.67,87,100,8.66,overcast clouds,AO,2021-12-04 20:19:29
283,Waipawa,-41.4122,175.5153,65.03,64,92,11.21,overcast clouds,NZ,2021-12-04 20:16:50
284,Fredericksburg,38.3032,-77.4605,61.41,44,1,0.0,clear sky,US,2021-12-04 20:15:30
285,Dicabisagan,17.0818,122.4157,71.42,85,100,9.66,overcast clouds,PH,2021-12-04 20:19:30
286,Port-Gentil,-0.7193,8.7815,80.67,84,100,13.15,overcast clouds,GA,2021-12-04 20:19:30
287,Kavieng,-2.5744,150.7967,82.08,81,100,13.44,moderate rain,PG,2021-12-04 20:19:30
288,Santa Lucia,27.9117,-15.5407,60.12,52,20,11.5,few clouds,ES,2021-12-04 20:19:31
289,Krasnoselkup,65.7,82.4667,-15.14,97,100,4.79,overcast clouds,RU,2021-12-04 20:19:31
290,Bluefield,37.2698,-81.2223,59.04,82,90,3.0,overcast clouds,US,2021-12-04 20:19:31
291,Tessalit,20.1986,1.0114,70.02,16,35,10.63,scattered clouds,ML,2021-12-04 20:19:31
292,Opuwo,-18.0607,13.84,71.87,25,14,7.02,few clouds,NA,2021-12-04 20:17:56
293,La Ronge,55.1001,-105.2842,-0.15,65,75,2.3,broken clouds,CA,2021-12-04 20:19:32
294,Constantine,36.365,6.6147,45.81,65,0,9.22,clear sky,DZ,2021-12-04 20:19:32
295,Huarmey,-10.0681,-78.1522,71.28,77,100,10.27,overcast clouds,PE,2021-12-04 20:19:32
296,Jiazi,22.8779,116.067,56.61,73,9,13.94,clear sky,CN,2021-12-04 20:19:33
297,Gravdal,68.1214,13.5031,26.49,50,40,13.8,scattered clouds,NO,2021-12-04 20:19:33
298,Naze,28.3667,129.4833,56.89,64,99,12.08,overcast clouds,JP,2021-12-04 20:19:12
299,Beloha,-25.1667,45.05,75.58,73,0,4.97,clear sky,MG,2021-12-04 20:19:06
300,Eureka,40.8021,-124.1637,51.93,95,30,1.01,scattered clouds,US,2021-12-04 20:19:33
301,Seoul,37.5683,126.9778,29.64,80,0,4.61,clear sky,KR,2021-12-04 20:19:33
302,Portland,45.5234,-122.6762,52.29,89,90,3.0,overcast clouds,US,2021-12-04 20:19:34
303,Mnogovershinnyy,53.9353,139.9242,-11.2,92,75,5.64,broken clouds,RU,2021-12-04 20:19:34
304,Otradnoye,59.7775,30.8181,15.19,93,100,5.95,overcast clouds,RU,2021-12-04 20:15:51
305,Nocupetaro,19.05,-101.15,88.81,27,10,4.09,clear sky,MX,2021-12-04 20:19:34
306,Srednekolymsk,67.45,153.6833,-40.43,100,54,2.75,broken clouds,RU,2021-12-04 20:19:35
307,Zalantun,48.0,122.7167,12.99,90,14,3.0,few clouds,CN,2021-12-04 20:19:35
308,Filingue,14.3521,3.3168,81.46,11,2,8.08,clear sky,NE,2021-12-04 20:19:35
309,Lagoa,39.05,-27.9833,63.64,84,100,12.37,overcast clouds,PT,2021-12-04 20:15:12
310,Ugoofaaru,5.6667,73.0,82.2,76,5,10.74,clear sky,MV,2021-12-04 20:19:35
311,Nautla,20.2167,-96.7833,78.31,73,18,6.24,few clouds,MX,2021-12-04 20:19:36
312,Kushmurun,52.4503,64.6311,29.73,94,100,12.46,overcast clouds,KZ,2021-12-04 20:19:36
313,Kajaani,64.2273,27.7285,-3.95,77,0,3.44,clear sky,FI,2021-12-04 20:19:36
314,Zhuhai,22.2769,113.5678,65.05,72,0,11.5,clear sky,CN,2021-12-04 20:19:37
315,Tagusao,9.1924,117.8141,78.55,83,98,3.49,overcast clouds,PH,2021-12-04 20:19:37
316,Gao,16.6362,1.637,76.95,12,4,11.39,clear sky,ML,2021-12-04 20:16:44
317,Tunoshna,57.5459,40.1254,19.38,79,90,8.95,overcast clouds,RU,2021-12-04 20:19:37
318,Mitsamiouli,-11.3847,43.2844,81.36,75,72,9.8,broken clouds,KM,2021-12-04 20:19:37
319,Zenzeli,45.9241,47.0474,43.29,93,84,11.41,broken clouds,RU,2021-12-04 20:19:38
320,Catumbela,-12.4314,13.5472,76.78,84,98,3.85,overcast clouds,AO,2021-12-04 20:19:38
321,Sayyan,15.1718,44.3244,47.66,32,0,4.03,clear sky,YE,2021-12-04 20:19:38
322,Lorengau,-2.0226,147.2712,83.59,79,100,17.81,overcast clouds,PG,2021-12-04 20:11:01
323,Turukhansk,65.8167,87.9833,-34.96,100,99,4.59,overcast clouds,RU,2021-12-04 20:19:39
324,Cotacachi,0.3,-78.2667,71.15,87,97,4.14,light rain,EC,2021-12-04 20:20:39
325,San Quintin,30.4833,-115.95,64.94,72,2,15.79,clear sky,MX,2021-12-04 20:20:39
326,Asmara,15.3333,38.9333,54.14,74,0,2.75,clear sky,ER,2021-12-04 20:20:39
327,Waingapu,-9.6567,120.2641,80.91,76,100,7.52,light rain,ID,2021-12-04 20:20:40
328,Bowen,-20.0167,148.2333,75.09,82,0,7.45,clear sky,AU,2021-12-04 20:20:40
329,Pangody,65.85,74.4859,-24.32,100,89,6.2,overcast clouds,RU,2021-12-04 20:20:40
330,Lodwar,3.1191,35.5973,83.37,49,7,19.04,clear sky,KE,2021-12-04 20:20:40
331,Karratha,-20.7377,116.8463,86.0,30,8,13.8,clear sky,AU,2021-12-04 20:20:41
332,Lompoc,34.6391,-120.4579,63.12,71,90,9.22,overcast clouds,US,2021-12-04 20:19:33
333,Lahaina,20.8783,-156.6825,73.4,52,100,5.53,overcast clouds,US,2021-12-04 20:20:41
334,Lillooet,50.6856,-121.942,36.32,76,100,3.04,overcast clouds,CA,2021-12-04 20:20:41
335,High Level,58.5169,-117.136,-11.09,77,90,11.5,overcast clouds,CA,2021-12-04 20:20:41
336,Talnakh,69.4865,88.3972,-30.8,99,100,1.68,overcast clouds,RU,2021-12-04 20:20:42
337,Katangli,51.7102,143.2326,-7.74,99,78,8.68,broken clouds,RU,2021-12-04 20:20:42
338,Zyryanka,65.75,150.85,-38.78,99,33,5.64,scattered clouds,RU,2021-12-04 20:20:42
339,Klaksvik,62.2266,-6.589,36.52,55,100,18.92,overcast clouds,FO,2021-12-04 20:20:43
340,Shahr-E Kord,32.3256,50.8644,41.14,31,11,3.8,few clouds,IR,2021-12-04 20:20:43
341,Buluang,13.3068,123.3425,71.29,89,59,5.93,broken clouds,PH,2021-12-04 20:20:43
342,Nantucket,41.2835,-70.0995,42.94,64,88,9.69,overcast clouds,US,2021-12-04 20:20:43
343,Tautira,-17.7333,-149.15,86.02,71,67,12.71,broken clouds,PF,2021-12-04 20:10:29
344,Itape,-25.85,-56.6167,98.47,20,15,4.68,few clouds,PY,2021-12-04 20:20:44
345,Cascais,38.6979,-9.4215,55.47,71,0,1.01,clear sky,PT,2021-12-04 20:20:44
346,La Huacana,18.9667,-101.8167,85.84,39,5,4.9,clear sky,MX,2021-12-04 20:20:44
347,Kalmunai,7.4167,81.8167,78.06,85,1,2.62,clear sky,LK,2021-12-04 20:20:45
348,Ejea De Los Caballeros,42.1263,-1.1372,50.74,74,39,15.5,scattered clouds,ES,2021-12-04 20:20:45
349,North Bend,43.4065,-124.2243,52.86,91,90,8.05,overcast clouds,US,2021-12-04 20:20:45
350,Umm Lajj,25.0213,37.2685,76.64,55,0,2.44,clear sky,SA,2021-12-04 20:20:46
351,Hami,42.8,93.45,26.6,56,68,2.1,broken clouds,CN,2021-12-04 20:20:46
352,Dunedin,-45.8742,170.5036,63.7,73,100,8.16,overcast clouds,NZ,2021-12-04 20:20:46
353,Narsaq,60.9167,-46.05,46.62,72,100,11.99,overcast clouds,GL,2021-12-04 20:20:46
354,Mezen,65.8522,44.24,-1.21,91,7,6.22,clear sky,RU,2021-12-04 20:20:47
355,Lincoln,40.8,-96.667,48.0,56,1,7.0,clear sky,US,2021-12-04 20:20:37
356,Sorong,-0.8833,131.25,80.56,79,63,6.53,broken clouds,ID,2021-12-04 20:20:47
357,Kabarnet,0.4919,35.743,58.55,81,59,3.44,broken clouds,KE,2021-12-04 20:20:47
358,Pedasi,7.5333,-80.0333,85.06,77,99,10.27,overcast clouds,PA,2021-12-04 20:20:47
359,Hualmay,-11.0964,-77.6139,70.84,76,94,8.95,overcast clouds,PE,2021-12-04 20:20:37
360,Kemijarvi,66.7131,27.4306,-0.09,99,11,2.35,few clouds,FI,2021-12-04 20:20:48
361,Ravenna,44.4167,11.9833,50.9,93,100,1.83,overcast clouds,IT,2021-12-04 20:20:48
362,Altay,47.8667,88.1167,20.84,58,4,7.78,clear sky,CN,2021-12-04 20:20:49
363,Oistins,13.0667,-59.5333,80.78,74,97,16.71,overcast clouds,BB,2021-12-04 20:20:49
364,Mount Gambier,-37.8333,140.7667,40.91,93,0,0.0,mist,AU,2021-12-04 20:20:49
365,Stepnoye,51.4,46.8667,33.89,99,100,4.38,moderate rain,RU,2021-12-04 20:20:49
366,Mayumba,-3.432,10.6554,78.06,91,99,7.02,overcast clouds,GA,2021-12-04 20:20:50
367,Saint-Max,48.7043,6.21,42.82,81,75,10.36,broken clouds,FR,2021-12-04 20:20:50
368,Mayahi,13.9553,7.6712,75.42,15,42,10.94,scattered clouds,NE,2021-12-04 20:20:50
369,Zabol,32.25,67.25,40.41,76,68,2.93,broken clouds,AF,2021-12-04 20:20:50
370,Etchoropo,26.7667,-109.6667,87.42,24,99,9.78,overcast clouds,MX,2021-12-04 20:20:51
371,Forest Grove,45.5198,-123.1107,51.94,89,90,3.0,mist,US,2021-12-04 20:21:51
372,Rakitnoye,50.8389,35.8515,26.85,84,14,3.96,few clouds,RU,2021-12-04 20:21:51
373,Dalmeny,52.3334,-106.7679,20.91,86,90,4.61,overcast clouds,CA,2021-12-04 20:21:51
374,Bagotville,-28.9833,153.4167,68.02,93,97,12.37,overcast clouds,AU,2021-12-04 20:21:52
375,Lesnoy,57.6198,63.0784,35.22,83,100,14.16,overcast clouds,RU,2021-12-04 20:21:52
376,Valparaiso,-33.0393,-71.6273,86.23,49,0,5.75,clear sky,CL,2021-12-04 20:21:52
377,San Policarpo,12.1791,125.5072,77.81,81,81,20.31,broken clouds,PH,2021-12-04 20:20:24
378,Kalaleh,37.3807,55.4916,50.02,46,0,5.14,clear sky,IR,2021-12-04 20:21:53
379,Sao Joao Da Barra,-21.6403,-41.0511,78.89,75,23,9.64,few clouds,BR,2021-12-04 20:21:53
380,Matay,28.419,30.7792,63.99,37,28,9.01,scattered clouds,EG,2021-12-04 20:21:53
381,Los Llanos De Aridane,28.6585,-17.9182,64.15,59,20,10.0,few clouds,ES,2021-12-04 20:21:54
382,Bubaque,11.2833,-15.8333,81.61,74,24,14.05,few clouds,GW,2021-12-04 20:21:54
383,Mandera,3.9366,41.867,85.06,38,22,7.23,few clouds,KE,2021-12-04 20:21:54
384,Kapit,2.0167,112.9333,73.45,99,76,0.89,broken clouds,MY,2021-12-04 20:21:54
385,Ilebo,-4.3167,20.5833,71.2,99,100,1.63,light rain,CD,2021-12-04 20:21:55
386,Calama,-22.4667,-68.9333,79.29,9,0,24.16,clear sky,CL,2021-12-04 20:21:55
387,Ganzhou,28.8184,115.4327,48.18,54,10,3.74,clear sky,CN,2021-12-04 20:21:55
388,Manta,-0.95,-80.7333,80.38,74,75,12.66,broken clouds,EC,2021-12-04 20:21:56
389,Karak,31.1667,35.75,48.92,29,100,2.33,overcast clouds,JO,2021-12-04 20:21:56
390,Baghdad,33.3406,44.4009,49.91,50,0,5.75,clear sky,IQ,2021-12-04 20:21:56
391,Morrovalle,43.3165,13.5885,51.42,70,100,6.71,overcast clouds,IT,2021-12-04 20:21:56
392,Namatanai,-3.6667,152.4333,80.64,82,65,4.52,light rain,PG,2021-12-04 20:21:57
393,Leiyang,26.4024,112.8591,48.4,70,0,0.92,clear sky,CN,2021-12-04 20:21:57
394,Mujiayingzi,42.1167,118.7833,29.44,40,0,8.05,clear sky,CN,2021-12-04 20:21:57
395,Salinopolis,-0.6136,-47.3561,82.13,78,100,10.71,overcast clouds,BR,2021-12-04 20:21:58
396,Kosh-Agach,50.0,88.6667,5.77,93,35,4.9,scattered clouds,RU,2021-12-04 20:21:58
397,Oussouye,12.485,-16.5469,78.98,62,99,5.84,overcast clouds,SN,2021-12-04 20:21:58
398,El Alto,-4.2714,-81.2147,74.86,71,100,15.99,overcast clouds,PE,2021-12-04 20:21:58
399,Oytal,42.9057,73.2697,44.91,62,47,2.48,scattered clouds,KZ,2021-12-04 20:21:59
400,Plettenberg Bay,-34.0527,23.3716,62.22,94,100,20.2,light rain,ZA,2021-12-04 20:21:59
401,Laguna,38.421,-121.4238,73.63,97,90,5.75,mist,US,2021-12-04 20:21:59
402,Kruisfontein,-34.0033,24.7314,59.88,95,100,18.19,light rain,ZA,2021-12-04 20:21:59
403,Aasiaat,68.7098,-52.8699,37.98,51,100,41.34,overcast clouds,GL,2021-12-04 20:22:00
404,Myitkyina,25.3833,97.4,63.61,78,100,2.1,overcast clouds,MM,2021-12-04 20:22:00
405,Davila,18.4726,120.5763,73.04,78,81,23.89,broken clouds,PH,2021-12-04 20:22:00
406,Sao Joao,-8.8756,-36.3667,76.77,64,53,14.32,light rain,BR,2021-12-04 20:22:01
407,Nampa,43.5407,-116.5635,56.84,36,97,5.17,overcast clouds,US,2021-12-04 20:22:01
408,Kupang,-10.1667,123.5833,79.23,82,100,2.62,overcast clouds,ID,2021-12-04 20:22:01
409,Benguela,-12.5763,13.4055,77.16,80,94,3.83,overcast clouds,AO,2021-12-04 20:22:02
410,Carson City,39.1638,-119.7674,65.1,37,1,3.0,clear sky,US,2021-12-04 20:19:20
411,Kungurtug,50.5994,97.5228,8.55,94,100,1.97,overcast clouds,RU,2021-12-04 20:22:02
412,Aksu,41.1231,80.2644,27.97,44,100,1.07,overcast clouds,CN,2021-12-04 20:18:02
413,Veraval,20.9,70.3667,75.7,69,10,1.45,clear sky,IN,2021-12-04 20:22:03
414,Bintulu,3.1667,113.0333,75.61,100,40,0.0,scattered clouds,MY,2021-12-04 20:22:03
415,Matias Romero,16.8833,-95.0333,80.42,63,42,13.8,scattered clouds,MX,2021-12-04 20:22:03
416,Kosino,58.4127,51.2782,24.49,87,99,10.89,light snow,RU,2021-12-04 20:22:03
417,Morehead,37.2711,-87.1764,62.15,41,1,1.99,clear sky,US,2021-12-04 20:20:43
418,Alofi,-19.0595,-169.9187,80.49,83,40,4.61,scattered clouds,NU,2021-12-04 20:22:04
419,Sibolga,1.7427,98.7792,77.59,90,100,1.88,overcast clouds,ID,2021-12-04 20:20:38
420,Juruti,-2.1522,-56.0922,84.18,72,71,3.51,broken clouds,BR,2021-12-04 20:23:04
421,San Cristobal,7.7669,-72.225,78.98,41,80,5.77,broken clouds,VE,2021-12-04 20:23:04
422,Porto Santo,33.072,-16.3415,66.11,63,75,13.8,broken clouds,PT,2021-12-04 20:23:05
423,Bandarbeyla,9.4942,50.8122,77.11,67,28,18.92,scattered clouds,SO,2021-12-04 20:19:12
424,Le Port,-20.9373,55.2919,78.76,82,24,5.37,few clouds,RE,2021-12-04 20:23:05
425,Cairns,-16.9167,145.7667,78.06,84,68,6.91,broken clouds,AU,2021-12-04 20:23:05
426,Imbituba,-28.24,-48.6703,75.81,74,100,15.39,overcast clouds,BR,2021-12-04 20:23:06
427,Usinsk,65.9939,57.5281,-12.23,87,51,14.41,broken clouds,RU,2021-12-04 20:23:06
428,Matagami,49.7502,-77.6328,5.11,78,75,3.44,broken clouds,CA,2021-12-04 20:23:06
429,Chicama,-7.8447,-79.1469,64.94,64,99,10.25,overcast clouds,PE,2021-12-04 20:23:06
430,Flin Flon,54.7682,-101.865,6.64,66,20,6.91,few clouds,CA,2021-12-04 20:23:07
431,Pontes E Lacerda,-15.2261,-59.3353,84.27,83,100,1.54,overcast clouds,BR,2021-12-04 20:23:07
432,Codrington,-38.2667,141.9667,44.96,82,15,5.21,few clouds,AU,2021-12-04 20:23:07
433,Muros,42.7762,-9.0603,53.24,92,100,13.13,overcast clouds,ES,2021-12-04 20:20:36
434,Gizo,-8.103,156.8419,81.95,79,85,6.38,moderate rain,SB,2021-12-04 20:23:08
435,Bani Walid,31.7566,13.9942,51.62,62,0,10.22,clear sky,LY,2021-12-04 20:23:08
436,Lavrentiya,65.5833,-171.0,3.29,91,16,7.47,few clouds,RU,2021-12-04 20:23:08
437,Homer,59.6425,-151.5483,19.04,86,90,4.61,overcast clouds,US,2021-12-04 20:23:08
438,Flinders,-34.5833,150.8552,62.19,83,99,10.78,overcast clouds,AU,2021-12-04 20:23:09
439,Fukue,32.6881,128.8419,54.59,56,100,3.69,overcast clouds,JP,2021-12-04 20:23:09
440,Udachnyy,66.4167,112.4,-17.55,68,98,14.94,overcast clouds,RU,2021-12-04 20:23:09
441,Pevek,69.7008,170.3133,-14.53,98,100,8.93,overcast clouds,RU,2021-12-04 20:23:10
442,Tuatapere,-46.1333,167.6833,54.82,97,100,8.5,light rain,NZ,2021-12-04 20:23:10
443,Santa Cruz,-17.8,-63.1667,92.66,55,20,6.91,few clouds,BO,2021-12-04 20:21:33
444,Yaan,7.3833,8.5667,84.02,27,76,2.75,broken clouds,NG,2021-12-04 20:23:10
445,Merauke,-8.4667,140.3333,79.27,87,100,6.49,overcast clouds,ID,2021-12-04 20:23:10
446,Gdynia,54.5189,18.5319,37.04,88,90,8.05,overcast clouds,PL,2021-12-04 20:23:11
447,Champerico,14.3,-91.9167,95.54,60,0,7.43,clear sky,GT,2021-12-04 20:23:11
448,Hamilton,39.1834,-84.5333,55.08,43,1,1.99,clear sky,US,2021-12-04 20:23:11
449,Hastings,50.8552,0.5729,42.71,73,58,22.44,broken clouds,GB,2021-12-04 20:23:11
450,Bagn,60.8225,9.5521,15.33,98,100,1.74,overcast clouds,NO,2021-12-04 20:23:12
451,Kasongo-Lunda,-6.4667,16.8167,71.31,97,99,1.36,overcast clouds,CD,2021-12-04 20:23:12
452,Itarema,-2.9248,-39.9167,82.99,70,76,15.66,broken clouds,BR,2021-12-04 20:23:01
453,Shirokiy,49.758,129.523,-2.65,98,71,6.49,broken clouds,RU,2021-12-04 20:23:12
454,Fairbanks,64.8378,-147.7164,-31.99,62,1,0.0,haze,US,2021-12-04 20:23:13
455,Baruun-Urt,46.6806,113.2792,21.67,44,84,14.99,broken clouds,MN,2021-12-04 20:23:13
456,Poum,-20.2333,164.0167,79.86,75,7,11.99,clear sky,NC,2021-12-04 20:23:13
457,Verkhnyaya Inta,65.9811,60.3094,-14.8,89,60,9.44,broken clouds,RU,2021-12-04 20:23:13
458,Crotone,39.0851,17.1178,48.92,67,1,1.39,clear sky,IT,2021-12-04 20:23:14
459,Dolores,-36.3132,-57.6792,67.73,66,98,7.74,overcast clouds,AR,2021-12-04 20:19:47
460,Santo Tomas,14.1079,121.1414,72.57,82,73,10.4,broken clouds,PH,2021-12-04 20:23:14
461,Kenora,49.8167,-94.4337,17.58,57,20,8.05,few clouds,CA,2021-12-04 20:23:14
462,Chunhuhub,19.55,-88.6833,87.12,41,2,4.18,clear sky,MX,2021-12-04 20:23:15
463,Olinda,-8.0089,-34.8553,83.93,74,75,9.22,broken clouds,BR,2021-12-04 20:24:13
464,Vysokogornyy,50.1167,139.15,-6.75,92,61,5.97,broken clouds,RU,2021-12-04 20:24:15
465,Ambilobe,-13.2,49.05,77.97,72,1,5.61,clear sky,MG,2021-12-04 20:24:15
466,Miraflores,19.2167,-98.8083,74.16,23,0,3.91,clear sky,MX,2021-12-04 20:24:16
467,Arman,59.7,150.1667,-5.67,96,99,6.29,overcast clouds,RU,2021-12-04 20:24:16
468,Sol-Iletsk,51.1631,54.9918,33.06,70,67,18.32,broken clouds,RU,2021-12-04 20:24:16
469,Asau,46.4333,26.4,32.95,77,100,3.71,overcast clouds,RO,2021-12-04 20:24:16
470,Hirado,33.3597,129.5531,43.36,60,90,7.38,overcast clouds,JP,2021-12-04 20:24:11
471,Bartica,6.4,-58.6167,79.12,70,96,4.54,overcast clouds,GY,2021-12-04 20:24:17
472,Gallup,35.5281,-108.7426,57.96,33,1,4.0,clear sky,US,2021-12-04 20:24:17
473,Cerrito,6.8432,-72.694,60.19,65,96,1.14,overcast clouds,CO,2021-12-04 20:24:17
474,Jeremoabo,-10.075,-38.4808,85.82,47,98,12.62,moderate rain,BR,2021-12-04 20:24:17
475,Fort Morgan,40.2503,-103.8,63.1,31,0,4.36,clear sky,US,2021-12-04 20:20:29
476,Berlevag,70.8578,29.0864,17.51,81,27,22.12,scattered clouds,NO,2021-12-04 20:24:18
477,Tazovskiy,67.4667,78.7,-30.28,99,50,5.28,scattered clouds,RU,2021-12-04 20:24:18
478,Beroroha,-21.6667,45.1667,81.45,55,1,4.18,clear sky,MG,2021-12-04 20:24:19
479,Vaitape,-16.5167,-151.75,81.23,69,16,16.44,few clouds,PF,2021-12-04 20:24:19
480,Plouzane,48.3833,-4.6167,48.07,76,75,19.57,light rain,FR,2021-12-04 20:24:19
481,Kieta,-6.2167,155.6333,79.97,81,100,3.29,overcast clouds,PG,2021-12-04 20:24:19
482,Mersing,2.4312,103.8405,78.71,83,100,6.91,overcast clouds,MY,2021-12-04 20:24:20
483,Dourbali,11.8091,15.8632,80.22,22,83,10.67,broken clouds,TD,2021-12-04 20:24:21
484,Pingzhuang,42.0372,119.2889,29.55,40,0,5.17,clear sky,CN,2021-12-04 20:24:21
485,Deputatskiy,69.3,139.9,-39.87,96,35,1.9,scattered clouds,RU,2021-12-04 20:24:21
486,Nuuk,64.1835,-51.7216,47.01,39,83,25.32,light rain,GL,2021-12-04 20:23:22
487,Simoes,-7.5989,-40.8178,80.02,63,100,1.1,overcast clouds,BR,2021-12-04 20:24:22
488,Cherskiy,68.75,161.3,-33.2,100,53,3.78,broken clouds,RU,2021-12-04 20:21:57
489,Sokoni,-6.4333,39.55,80.74,76,48,8.93,scattered clouds,TZ,2021-12-04 20:24:22
490,Whitehorse,60.7161,-135.0538,-10.89,68,20,3.0,few clouds,CA,2021-12-04 20:24:23
491,Digby,44.6169,-65.7655,29.59,54,19,9.28,few clouds,CA,2021-12-04 20:24:23
492,Kropotkin,45.4375,40.5756,46.94,57,99,6.82,overcast clouds,RU,2021-12-04 20:24:23
493,Banda Aceh,5.5577,95.3222,77.58,84,38,5.73,scattered clouds,ID,2021-12-04 20:24:23
494,Saru Dornei,47.2833,25.35,25.25,94,100,3.71,overcast clouds,RO,2021-12-04 20:24:24
495,Jedrzejow,50.6394,20.3045,35.19,62,95,4.0,overcast clouds,PL,2021-12-04 20:24:24
496,Tripoli,32.8752,13.1875,59.58,57,29,13.65,scattered clouds,LY,2021-12-04 20:21:29
497,Pisco,-13.7,-76.2167,73.45,68,0,18.41,clear sky,PE,2021-12-04 20:24:24
498,Te Anau,-45.4167,167.7167,57.13,94,92,3.91,overcast clouds,NZ,2021-12-04 20:24:25
499,Khromtau,50.2503,58.4347,21.49,90,20,9.22,few clouds,KZ,2021-12-04 20:24:25
500,Yekaterinoslavka,50.3734,129.1139,2.39,95,83,11.27,broken clouds,RU,2021-12-04 20:24:25
501,Patos,-7.0244,-37.28,88.0,41,97,12.37,overcast clouds,BR,2021-12-04 20:24:25
502,Kachiry,53.0675,76.1036,30.42,91,100,9.89,overcast clouds,KZ,2021-12-04 20:24:26
503,Northam,51.0333,-4.2167,45.39,73,60,26.6,broken clouds,GB,2021-12-04 20:24:26
504,Gulariya,28.2333,81.3333,64.06,79,0,3.44,clear sky,NP,2021-12-04 20:24:26
505,Pokhara,28.2333,83.9833,58.33,61,0,3.71,clear sky,NP,2021-12-04 20:24:26
506,Eirunepe,-6.6603,-69.8736,82.8,77,97,2.64,overcast clouds,BR,2021-12-04 20:24:27
507,Fare,-16.7,-151.0167,80.67,70,64,14.94,broken clouds,PF,2021-12-04 20:25:27
508,Isangel,-19.55,169.2667,77.11,94,75,0.0,broken clouds,VU,2021-12-04 20:25:27
509,Maragogi,-9.0122,-35.2225,80.15,78,38,8.79,light rain,BR,2021-12-04 20:25:28
510,Launceston,-41.45,147.1667,50.81,79,75,1.01,broken clouds,AU,2021-12-04 20:25:28
511,Tiznit,29.5833,-9.5,56.84,56,0,2.37,clear sky,MA,2021-12-04 20:25:28
512,Zima,53.9202,102.0442,24.31,85,100,6.02,overcast clouds,RU,2021-12-04 20:25:28
513,Waddan,29.1614,16.139,52.5,53,0,7.45,clear sky,LY,2021-12-04 20:25:29
514,Walvis Bay,-22.9575,14.5053,63.55,67,0,10.36,clear sky,NA,2021-12-04 20:23:01
515,Cap Malheureux,-19.9842,57.6142,78.48,72,38,5.01,scattered clouds,MU,2021-12-04 20:25:29
516,Tadepallegudem,16.8333,81.5,72.95,80,37,4.94,scattered clouds,IN,2021-12-04 20:25:29
517,Beboto,8.2668,16.939,81.23,29,96,4.18,overcast clouds,TD,2021-12-04 20:25:30
518,Toora-Khem,52.4675,96.11,14.07,98,98,2.08,overcast clouds,RU,2021-12-04 20:25:30
519,Am Timan,11.0297,20.2827,83.7,22,3,5.93,clear sky,TD,2021-12-04 20:25:30
520,Avon,41.4517,-82.0354,45.28,60,40,5.01,scattered clouds,US,2021-12-04 20:25:30
521,Biak,-0.9131,122.8766,76.84,85,93,2.77,overcast clouds,ID,2021-12-04 20:21:55
522,Nara,34.6851,135.8049,41.5,65,35,3.49,scattered clouds,JP,2021-12-04 20:25:31
523,Saint-Augustin,51.226,-58.6502,21.56,55,43,20.04,scattered clouds,CA,2021-12-04 20:25:31
524,Nador,35.174,-2.9287,61.05,72,0,17.27,clear sky,MA,2021-12-04 20:25:31
525,Puerto Palomas,31.7667,-107.6167,67.33,19,100,4.72,overcast clouds,MX,2021-12-04 20:25:31
526,Tarija,-21.5355,-64.7296,67.5,73,100,6.73,overcast clouds,BO,2021-12-04 20:25:32
527,Didwana,27.4,74.5667,63.86,43,0,5.23,clear sky,IN,2021-12-04 20:25:32
528,Lata,40.1629,-8.3327,52.81,96,5,4.14,clear sky,PT,2021-12-04 20:25:32
529,Tiverton,50.9,-3.4833,45.07,87,14,1.99,few clouds,GB,2021-12-04 20:25:33
530,Burns Lake,54.2331,-125.7533,18.82,78,100,2.3,overcast clouds,CA,2021-12-04 20:25:33
531,Yerofey Pavlovich,53.9667,121.9667,4.01,92,100,2.13,overcast clouds,RU,2021-12-04 20:25:33
532,Maniitsoq,65.4167,-52.9,38.41,70,100,18.79,overcast clouds,GL,2021-12-04 20:25:33
533,Wamba,8.9333,8.6,79.81,31,90,4.07,overcast clouds,NG,2021-12-04 20:25:34
534,Belyy Yar,53.6039,91.3903,26.49,74,0,8.95,clear sky,RU,2021-12-04 20:25:34
535,Kawalu,-7.3817,108.2082,72.9,94,100,0.98,overcast clouds,ID,2021-12-04 20:25:34
536,Fraga,41.5229,0.3489,51.53,49,5,26.02,clear sky,ES,2021-12-04 20:25:35
537,Yulara,-25.2406,130.9889,71.44,46,55,16.11,broken clouds,AU,2021-12-04 20:25:35
538,Sola,-13.8833,167.55,79.25,79,100,15.75,overcast clouds,VU,2021-12-04 20:25:35
539,Lasa,46.6166,10.7002,34.68,96,100,2.46,snow,IT,2021-12-04 20:25:35
540,Alzamay,55.5562,98.6644,24.93,82,100,15.3,light snow,RU,2021-12-04 20:25:36
541,Lianzhou,24.7811,112.3825,46.54,72,5,2.37,clear sky,CN,2021-12-04 20:25:37
542,Taveta,-3.3963,37.6736,71.58,80,100,5.53,light rain,KE,2021-12-04 20:25:37
543,Ewa Beach,21.3156,-158.0072,73.69,68,75,3.44,broken clouds,US,2021-12-04 20:25:07
544,Charters Towers,-20.1,146.2667,74.55,79,0,5.35,clear sky,AU,2021-12-04 20:25:38
545,Ashoknagar,24.5667,77.7167,61.84,56,11,6.98,few clouds,IN,2021-12-04 20:25:38
546,Caravelas,-17.7125,-39.2481,78.13,76,4,8.37,clear sky,BR,2021-12-04 20:25:38
547,Grindavik,63.8424,-22.4338,28.87,93,40,10.36,scattered clouds,IS,2021-12-04 20:21:45
548,Borogontsy,62.6683,131.1683,-18.8,96,100,7.52,overcast clouds,RU,2021-12-04 20:25:38
549,Asyut,27.181,31.1837,60.98,31,37,2.84,scattered clouds,EG,2021-12-04 20:25:39
550,Iquique,-20.2208,-70.1431,68.04,67,34,8.48,scattered clouds,CL,2021-12-04 20:22:15
551,Anchorage,61.2181,-149.9003,9.86,87,90,4.0,haze,US,2021-12-04 20:23:03
552,Bouza,14.4229,6.0428,74.79,13,88,8.37,overcast clouds,NE,2021-12-04 20:25:39
553,Canutama,-6.5339,-64.3831,82.08,84,83,2.66,broken clouds,BR,2021-12-04 20:25:39
554,Burriana,39.889,-0.085,58.08,54,0,9.73,clear sky,ES,2021-12-04 20:25:40
555,Zunyi,27.6867,106.9072,52.18,77,100,1.61,overcast clouds,CN,2021-12-04 20:26:40
556,Conde,-7.2597,-34.9075,81.86,74,75,10.36,broken clouds,BR,2021-12-04 20:26:40
557,Katima Mulilo,-17.5,24.2667,82.24,44,99,10.76,overcast clouds,NA,2021-12-04 20:26:40
558,Tsiroanomandidy,-18.7667,46.0333,77.31,50,83,1.81,broken clouds,MG,2021-12-04 20:26:41
559,Visby,57.6409,18.296,26.85,80,42,8.05,scattered clouds,SE,2021-12-04 20:26:41
560,Canberra,-35.2835,149.1281,55.74,80,90,1.01,overcast clouds,AU,2021-12-04 20:25:15
561,Ayan,56.45,138.1667,4.78,66,100,3.56,overcast clouds,RU,2021-12-04 20:26:41
562,Homorod,46.05,25.2667,31.35,85,100,1.66,overcast clouds,RO,2021-12-04 20:26:42
563,Majene,-3.5403,118.9707,78.85,79,97,3.18,overcast clouds,ID,2021-12-04 20:26:42
564,Neiafu,-18.65,-173.9833,84.88,74,75,8.05,light rain,TO,2021-12-04 20:26:42
565,Price,39.5994,-110.8107,54.12,37,1,4.61,clear sky,US,2021-12-04 20:26:42
566,Somerset East,-32.7217,25.588,60.39,98,100,4.5,moderate rain,ZA,2021-12-04 20:26:43
567,Vallenar,-28.5708,-70.7581,87.98,16,2,9.37,clear sky,CL,2021-12-04 20:26:43
568,Mazarron,37.5992,-1.3149,61.61,62,20,3.96,few clouds,ES,2021-12-04 20:26:43
569,Griffith,41.5284,-87.4237,46.09,27,40,1.99,scattered clouds,US,2021-12-04 20:24:08
570,Omboue,-1.5746,9.2618,78.51,88,99,8.48,overcast clouds,GA,2021-12-04 20:26:44
571,Ambon,-3.6954,128.1814,75.34,94,40,8.05,scattered clouds,ID,2021-12-04 20:26:44
572,Evensk,61.95,159.2333,3.15,81,100,10.85,overcast clouds,RU,2021-12-04 20:26:44
573,Bela,25.9333,81.9833,68.23,55,22,4.18,few clouds,IN,2021-12-04 20:26:45
574,Sakhnovshchyna,49.1517,35.872,32.68,72,100,7.11,overcast clouds,UA,2021-12-04 20:26:45
575,College,64.8569,-147.8028,-32.01,62,40,0.0,haze,US,2021-12-04 20:26:45
576,Cocobeach,1.0002,9.5823,76.93,83,100,7.47,overcast clouds,GA,2021-12-04 20:26:45
577,Sidi Bin Nur,35.5333,10.9167,51.71,49,0,9.19,clear sky,TN,2021-12-04 20:26:46
578,Namibe,-15.1961,12.1522,71.17,68,5,6.29,clear sky,AO,2021-12-04 20:26:46
579,Porangatu,-13.4408,-49.1486,80.58,81,97,3.15,overcast clouds,BR,2021-12-04 20:26:46
580,Moncton,46.1159,-64.8019,28.99,62,20,13.8,few clouds,CA,2021-12-04 20:23:17
581,Tukrah,32.5341,20.5791,62.92,64,87,26.37,overcast clouds,LY,2021-12-04 20:26:46
582,Mount Isa,-20.7333,139.5,82.17,39,40,5.75,scattered clouds,AU,2021-12-04 20:26:47
583,Marsa Matruh,31.3525,27.2453,61.0,44,0,14.97,clear sky,EG,2021-12-04 20:26:47
584,Bilma,18.6853,12.9164,67.8,17,4,12.97,clear sky,NE,2021-12-04 20:26:47
585,Shimoda,34.6667,138.95,42.1,64,43,12.5,scattered clouds,JP,2021-12-04 20:26:48
586,Ternate,0.8,127.4,78.55,90,100,11.56,overcast clouds,ID,2021-12-04 20:26:48
587,Totness,5.8833,-56.3167,81.99,72,92,9.71,overcast clouds,SR,2021-12-04 20:26:48
588,Beidao,34.5686,105.8933,37.49,43,0,1.92,clear sky,CN,2021-12-04 20:26:48
589,Bella Union,-30.2752,-57.6007,86.68,28,100,12.19,overcast clouds,UY,2021-12-04 20:25:33
590,Zhezkazgan,47.8043,67.7144,27.63,68,100,8.9,overcast clouds,KZ,2021-12-04 20:26:49
591,Santa Maria,-29.6842,-53.8069,88.9,43,0,5.75,clear sky,BR,2021-12-04 20:25:43
592,Jinchang,38.4953,102.1739,34.81,15,12,2.55,few clouds,CN,2021-12-04 20:26:49
593,Bathsheba,13.2167,-59.5167,81.1,75,93,16.22,overcast clouds,BB,2021-12-04 20:26:49
594,Ulladulla,-35.35,150.4667,57.78,80,100,6.15,overcast clouds,AU,2021-12-04 20:26:49
595,Abha,18.2164,42.5053,53.42,35,0,4.61,clear sky,SA,2021-12-04 20:26:50
596,Kottayam,9.5833,76.5167,77.02,96,98,2.42,overcast clouds,IN,2021-12-04 20:26:50
597,Ankpa,7.3706,7.6253,81.64,28,63,1.52,broken clouds,NG,2021-12-04 20:26:50
598,Aizkraukle,56.6048,25.2553,23.9,98,95,3.53,overcast clouds,LV,2021-12-04 20:26:51
599,La Joya,18.6667,-99.4667,85.39,29,5,3.67,clear sky,MX,2021-12-04 20:26:51
600,Aksarka,66.5606,67.7975,-29.96,97,10,3.78,clear sky,RU,2021-12-04 20:26:51
601,Black Diamond,47.3087,-122.0032,42.57,92,100,1.01,light rain,US,2021-12-04 20:26:51
602,Kolyvan,55.3053,82.7391,28.02,95,99,9.19,overcast clouds,RU,2021-12-04 20:27:52
603,Adre,13.4667,22.2,75.67,23,0,10.27,clear sky,TD,2021-12-04 20:27:52
604,Les Cayes,18.2,-73.75,84.51,62,49,7.65,scattered clouds,HT,2021-12-04 20:27:52
605,Neuquen,-38.9516,-68.0591,75.09,43,75,0.0,broken clouds,AR,2021-12-04 20:23:09
606,Kokopo,-4.352,152.2633,77.76,84,100,3.83,light rain,PG,2021-12-04 20:27:52
607,Nelson Bay,-32.7167,152.15,69.1,69,87,3.0,overcast clouds,AU,2021-12-04 20:25:46
608,Sinop,41.7711,34.8709,47.86,62,100,13.02,overcast clouds,TR,2021-12-04 20:27:53
609,Orotukan,62.2667,151.7,-36.65,100,79,4.81,broken clouds,RU,2021-12-04 20:27:53
610,La Paz,-16.5,-68.15,60.78,58,75,6.91,broken clouds,BO,2021-12-04 20:23:03
611,Aykhal,66.0,111.5,-19.59,99,98,5.86,overcast clouds,RU,2021-12-04 20:27:53
612,Quelimane,-17.8786,36.8883,82.35,74,0,14.97,clear sky,MZ,2021-12-04 20:22:59
613,Enshi,30.3,109.4833,46.65,85,5,0.92,clear sky,CN,2021-12-04 20:27:54
614,Xaltianguis,17.0667,-99.8333,78.31,43,15,6.33,few clouds,MX,2021-12-04 20:27:54
615,Nauta,-4.5061,-73.5757,82.36,89,69,3.38,moderate rain,PE,2021-12-04 20:27:54
616,Golfito,8.639,-83.166,82.35,78,70,5.57,broken clouds,CR,2021-12-04 20:27:55
617,Buin,-33.7333,-70.75,94.05,10,0,11.07,clear sky,CL,2021-12-04 20:27:55
618,Bergen,60.392,5.328,36.88,87,75,3.44,light rain,NO,2021-12-04 20:27:55
619,Esperance,-33.8667,121.9,51.64,89,58,10.09,broken clouds,AU,2021-12-04 20:27:56
620,Cuamba,-14.8031,36.5372,76.71,56,14,2.75,few clouds,MZ,2021-12-04 20:27:56
621,Yazman,29.1212,71.7446,62.47,21,0,4.99,clear sky,PK,2021-12-04 20:27:56
622,Asilah,35.465,-6.0348,58.86,79,58,6.33,broken clouds,MA,2021-12-04 20:27:56
623,Qaqortoq,60.7167,-46.0333,46.9,71,100,16.11,overcast clouds,GL,2021-12-04 20:27:57
624,Mount Pleasant,32.7941,-79.8626,75.18,72,1,3.0,clear sky,US,2021-12-04 20:27:57
625,Cajabamba,-7.6167,-78.05,68.14,53,100,4.54,light rain,PE,2021-12-04 20:27:57
626,Shiyan,32.6475,110.7781,45.27,59,4,3.8,clear sky,CN,2021-12-04 20:27:57
627,Vanimo,-2.6741,141.3028,77.54,91,100,6.55,light rain,PG,2021-12-04 20:27:58
628,Balikpapan,-1.2675,116.8289,75.9,90,100,4.29,light rain,ID,2021-12-04 20:27:58
629,Meulaboh,4.1363,96.1285,76.12,87,88,4.7,overcast clouds,ID,2021-12-04 20:27:58
630,Orange Cove,36.6244,-119.3137,75.45,39,0,2.44,clear sky,US,2021-12-04 20:27:58
631,Kyshtovka,56.555,76.6271,27.66,95,100,12.55,overcast clouds,RU,2021-12-04 20:27:59
632,Birao,10.2849,22.7882,78.57,27,3,6.2,clear sky,CF,2021-12-04 20:27:59
633,Axim,4.8699,-2.2405,80.26,83,19,7.45,few clouds,GH,2021-12-04 20:24:23
634,Kisangani,0.5167,25.2,72.34,98,100,0.56,overcast clouds,CD,2021-12-04 20:27:59
635,Bonavista,48.6499,-53.1147,32.11,50,65,29.37,broken clouds,CA,2021-12-04 20:28:00
636,Margate,51.3813,1.3862,42.91,73,100,4.0,overcast clouds,GB,2021-12-04 20:28:00
637,Boa Vista,2.8197,-60.6733,91.38,43,75,9.22,broken clouds,BR,2021-12-04 20:25:07
638,De Aar,-30.6497,24.0123,65.7,70,100,16.96,overcast clouds,ZA,2021-12-04 20:28:00
639,Conceicao Das Alagoas,-19.9147,-48.3883,85.78,73,69,7.99,broken clouds,BR,2021-12-04 20:28:01
640,Haines Junction,60.7522,-137.5108,-29.25,75,68,0.0,broken clouds,CA,2021-12-04 20:28:01
641,Belawan,3.7755,98.6832,75.49,92,74,5.91,broken clouds,ID,2021-12-04 20:28:01
642,Araouane,18.9048,-3.5265,71.98,15,97,11.39,overcast clouds,ML,2021-12-04 20:28:01
643,Wieliczka,49.9874,20.0647,36.95,51,100,3.8,overcast clouds,PL,2021-12-04 20:28:02
644,Sao Joao Do Paraiso,-15.3136,-42.0144,72.81,85,24,4.25,few clouds,BR,2021-12-04 20:28:02
645,Fort Nelson,58.8053,-122.7002,-17.01,76,75,3.44,light snow,CA,2021-12-04 20:28:02
646,Eyl,7.9803,49.8164,77.23,68,92,19.57,overcast clouds,SO,2021-12-04 20:28:02
647,Ketchikan,55.3422,-131.6461,30.67,86,1,5.75,clear sky,US,2021-12-04 20:28:03
648,Belturbet,54.1,-7.45,38.62,78,15,11.23,few clouds,IE,2021-12-04 20:28:03
649,Mercedes,-34.6515,-59.4307,80.04,58,100,12.41,overcast clouds,AR,2021-12-04 20:29:03
650,Bashtanka,47.4072,32.4387,32.16,72,5,6.89,clear sky,UA,2021-12-04 20:29:04
651,Vostok,46.4856,135.8833,-9.99,96,43,5.79,scattered clouds,RU,2021-12-04 20:29:04
652,Logansport,40.7545,-86.3567,46.31,30,1,9.22,clear sky,US,2021-12-04 20:29:04
653,Shalakusha,62.2247,40.2539,2.43,88,100,8.41,overcast clouds,RU,2021-12-04 20:29:04
654,San Roque,36.2107,-5.3842,58.03,72,20,14.97,few clouds,ES,2021-12-04 20:29:05
655,Quatre Cocos,-20.2078,57.7625,78.1,77,49,13.18,light rain,MU,2021-12-04 20:29:05
656,Siocon,7.7061,122.1353,77.67,87,71,10.71,broken clouds,PH,2021-12-04 20:29:05
657,Darhan,49.4867,105.9228,11.82,90,29,1.54,scattered clouds,MN,2021-12-04 20:29:05
658,San Jose,37.3394,-121.895,62.06,71,90,0.0,mist,US,2021-12-04 20:27:59
659,Jega,12.2175,4.3792,78.03,16,31,8.84,scattered clouds,NG,2021-12-04 20:29:06
660,Riyadh,24.6877,46.7219,57.34,28,4,4.21,clear sky,SA,2021-12-04 20:27:35
661,Wad Madani,14.4012,33.5199,83.05,27,0,8.3,clear sky,SD,2021-12-04 20:29:06
662,Ibra,22.6906,58.5334,65.93,65,0,2.33,clear sky,OM,2021-12-04 20:29:06
663,Tura,25.5198,90.2201,64.83,77,100,1.63,overcast clouds,IN,2021-12-04 20:29:07
664,Mizdah,31.4451,12.9801,45.43,76,0,6.55,clear sky,LY,2021-12-04 20:29:07
665,Mariel,22.9875,-82.7536,80.74,62,0,15.23,clear sky,CU,2021-12-04 20:29:07
666,Arsikere,13.3139,76.2561,68.18,93,99,2.55,overcast clouds,IN,2021-12-04 20:29:07
667,Paisley,55.8317,-4.4325,43.11,75,64,1.01,broken clouds,GB,2021-12-04 20:29:08
668,Jumla,29.2747,82.1838,43.3,70,2,4.03,clear sky,NP,2021-12-04 20:29:08
669,Hanko,59.8333,22.95,11.84,86,100,18.52,overcast clouds,FI,2021-12-04 20:29:08
670,Gwadar,25.1216,62.3254,74.98,67,0,8.72,clear sky,PK,2021-12-04 20:29:08
671,Pittsfield,42.4501,-73.2454,40.12,69,75,1.99,broken clouds,US,2021-12-04 20:29:09
672,Guaraniacu,-25.1008,-52.8781,80.17,43,78,4.25,broken clouds,BR,2021-12-04 20:29:09
673,Tabory,58.5198,64.5495,35.94,84,100,13.0,overcast clouds,RU,2021-12-04 20:29:09
674,Shushtar,32.0455,48.8567,61.05,36,11,2.98,few clouds,IR,2021-12-04 20:28:13
675,Egvekinot,66.3167,-179.1667,-26.57,95,34,5.82,scattered clouds,RU,2021-12-04 20:29:10
676,Kirakira,-10.4544,161.9205,80.56,82,93,5.3,overcast clouds,SB,2021-12-04 20:29:10
677,Bolgatanga,10.7856,-0.8514,84.51,16,2,6.24,clear sky,GH,2021-12-04 20:29:10
678,Byron Bay,-28.65,153.6167,73.06,89,55,8.9,broken clouds,AU,2021-12-04 20:29:10
679,Nagar Karnul,16.4821,78.3247,70.0,57,60,6.73,broken clouds,IN,2021-12-04 20:29:11
680,Chara,56.9064,118.2631,11.32,79,100,2.37,overcast clouds,RU,2021-12-04 20:29:11
681,Borova,50.1763,30.1043,29.25,87,99,5.79,overcast clouds,UA,2021-12-04 20:29:11
682,Kamenka,51.3223,42.7678,28.74,80,100,4.18,overcast clouds,RU,2021-12-04 20:29:12
683,Halifax,44.6453,-63.5724,32.0,55,7,4.0,clear sky,CA,2021-12-04 20:29:12
684,Burnie,-41.0667,145.9167,51.75,66,100,11.23,overcast clouds,AU,2021-12-04 20:29:12
685,Barguzin,53.6167,109.6167,24.26,87,96,7.72,overcast clouds,RU,2021-12-04 20:29:12
686,Luganville,-15.5333,167.1667,79.99,80,96,6.53,overcast clouds,VU,2021-12-04 20:29:13
687,Acarau,-2.8856,-40.12,83.43,69,74,16.69,broken clouds,BR,2021-12-04 20:29:13
688,San Ignacio,17.1561,-89.0714,80.74,78,75,0.0,broken clouds,BZ,2021-12-04 20:29:14
689,Starozhilovo,54.2254,39.916,24.04,64,65,7.87,broken clouds,RU,2021-12-04 20:29:14
690,Aksha,50.2814,113.2867,28.8,59,100,16.91,overcast clouds,RU,2021-12-04 20:29:14
691,Ust-Omchug,61.15,149.6333,-36.9,100,100,1.07,overcast clouds,RU,2021-12-04 20:25:29
692,Porto Tolle,44.9497,12.3245,44.02,88,100,6.44,light rain,IT,2021-12-04 20:29:15
693,Buraydah,26.326,43.975,59.45,39,3,8.97,clear sky,SA,2021-12-04 20:29:15
694,Andrelandia,-21.7397,-44.3092,70.18,83,34,5.64,scattered clouds,BR,2021-12-04 20:29:15
695,Lucapa,-8.4192,20.7447,67.1,95,95,1.21,light rain,AO,2021-12-04 20:29:16
696,Kudat,6.8837,116.8477,78.73,94,20,4.61,few clouds,MY,2021-12-04 20:30:16
